Gmt time,Open,High,Low,Close,Volume
07.05.2017 21:00:00.000,1559,1681,1557,1658,1872043.9142
08.05.2017 21:00:00.000,1658,1753,1626,1747,1330135.8033999999
09.05.2017 21:00:00.000,1713,1769,1677,1752,1916894.6074
10.05.2017 21:00:00.000,1784,1887,1777,1857,1613520.5117000001
11.05.2017 21:00:00.000,1836,1836,1651,1692,2550427.5139999995
14.05.2017 21:00:00.000,1799,1803,1714,1734,1394409.2102999997
15.05.2017 21:00:00.000,1740,1782,1710,1770,2188241.2186
16.05.2017 21:00:00.000,1770,1856,1746,1817,4243726.7457
17.05.2017 21:00:00.000,1812,1887,1795,1884,2807541.8242
18.05.2017 21:00:00.000,1884,1963,1869,1938,2073463.8787
21.05.2017 21:00:00.000,2022,2299,1999,2151,3312591.576
22.05.2017 21:00:00.000,2152,2272,1990,2217,2575224.7926
23.05.2017 21:00:00.000,2234,2450,2195,2430,2306018.3146
24.05.2017 21:00:00.000,2424,2801,2226,2468,2743501.4952999996
25.05.2017 21:00:00.000,2485,2679,2243,2243,3302266.4871000005
28.05.2017 21:00:00.000,2120,2353,2093,2307,4912147.8195
29.05.2017 21:00:00.000,2313,2370,2211,2252,5176415.1305
30.05.2017 21:00:00.000,2261,2337,2134,2287,4993179.382200001
31.05.2017 21:00:00.000,2287,2490,2280,2411,2756143.5165
01.06.2017 21:00:00.000,2413,2450,2374,2432,3177806.2893999997
04.06.2017 21:00:00.000,2506,2630,2504,2625,1808567.8994
05.06.2017 21:00:00.000,2690,2941,2690,2872,2329195.694
06.06.2017 21:00:00.000,2872,2886,2739,2739,3008709.1750000003
07.06.2017 21:00:00.000,2740,2813,2612,2750,2848844.6270000003
08.06.2017 21:00:00.000,2750,2863,2749,2835,2320309.9937000005
11.06.2017 21:00:00.000,2923,3003,2449,2547,1536865.3029000002
12.06.2017 21:00:00.000,2657,2788,2638,2702,2226143.7303
13.06.2017 21:00:00.000,2703,2819,2523,2553,1413301.2162000001
14.06.2017 21:00:00.000,2553,2559,2077,2363,2589326.3702000002
15.06.2017 21:00:00.000,2362,2526,2304,2488,2670028.0878
18.06.2017 21:00:00.000,2470,2587,2460,2580,2852263.9771999996
19.06.2017 21:00:00.000,2597,2777,2586,2750,2295732.4984
20.06.2017 21:00:00.000,2750,2781,2637,2660,1924513.1014000003
21.06.2017 21:00:00.000,2661,2729,2571,2672,2318081.6982
22.06.2017 21:00:00.000,2672,2736,2664,2708,2294834.4879000005
25.06.2017 21:00:00.000,2473,2561,2256,2356,2290449.7690999997
26.06.2017 21:00:00.000,2349,2470,2269,2458,3053934.5932
27.06.2017 21:00:00.000,2458,2599,2428,2595,2186366.6840000004
28.06.2017 21:00:00.000,2595,2605,2503,2559,2302024.5055000004
29.06.2017 21:00:00.000,2558,2568,2482,2504,1907206.4131000005
02.07.2017 21:00:00.000,2499,2585,2476,2558,1877544.2886
03.07.2017 21:00:00.000,2558,2642,2545,2577,1820193.3098999995
04.07.2017 21:00:00.000,2577,2623,2548,2612,1832799.9991999997
05.07.2017 21:00:00.000,2612,2630,2581,2598,1843939.0984000005
06.07.2017 21:00:00.000,2598,2610,2490,2515,1708144.7944999998
09.07.2017 21:00:00.000,2529,2541,2361,2385,1802442.6955000004
10.07.2017 21:00:00.000,2385,2409,2256,2330,2227143.1045
11.07.2017 21:00:00.000,2330,2414,2243,2391,2338579.9026999995
12.07.2017 21:00:00.000,2390,2418,2310,2339,2207481.8114
13.07.2017 21:00:00.000,2338,2356,2153,2160,2321970.8940999997
16.07.2017 21:00:00.000,1865,2189,1855,2174,2081271.0951
17.07.2017 21:00:00.000,2173,2397,2145,2349,2811813.3887
18.07.2017 21:00:00.000,2350,2401,2220,2255,2360941.1870000004
19.07.2017 21:00:00.000,2255,2731,2245,2730,2372185.9890999994
20.07.2017 21:00:00.000,2730,2774,2616,2626,237072.3953
23.07.2017 21:00:00.000,2788,2802,2721,2760,1880618.9002
24.07.2017 21:00:00.000,2760,2781,2450,2471,2303155.7007
25.07.2017 21:00:00.000,2468,2611,2404,2504,2100515.4952
26.07.2017 21:00:00.000,2504,2599,2452,2584,1915958.9004999998
27.07.2017 21:00:00.000,2584,2836,2584,2756,2557347.1032
30.07.2017 21:00:00.000,2761,2893,2695,2886,2739730.1023999993
31.07.2017 21:00:00.000,2889,2928,2646,2745,3555170.8068000013
01.08.2017 21:00:00.000,2740,2760,2668,2691,2529055.2824
02.08.2017 21:00:00.000,2691,2806,2650,2783,2238013.9274000004
03.08.2017 21:00:00.000,2783,2878,2765,2832,2043605.221
06.08.2017 21:00:00.000,3266,3427,3193,3342,2141951.6068
07.08.2017 21:00:00.000,3343,3489,3341,3447,2522936.5921
08.08.2017 21:00:00.000,3447,3461,3238,3362,2983390.3197999997
09.08.2017 21:00:00.000,3372,3458,3300,3425,2222698.4826
10.08.2017 21:00:00.000,3425,3590,3404,3588,1676410.6909999999
13.08.2017 21:00:00.000,4011,4343,3984,4263,2547402.3094
14.08.2017 21:00:00.000,4263,4452,3810,4072,2824565.5060999994
15.08.2017 21:00:00.000,4072,4355,4059,4352,661865.204
16.08.2017 21:00:00.000,4325,4479,4185,4332,1676938.324
17.08.2017 21:00:00.000,4328,4359,4193,4305,688131.405
20.08.2017 21:00:00.000,4119,4153,3967,3997,2023497.0093999996
21.08.2017 21:00:00.000,3775,4144,3774,4073,1925809.1048
22.08.2017 21:00:00.000,4073,4265,4020,4134,2083033.905
23.08.2017 21:00:00.000,4134,4257,4092,4234,2122255.3942
24.08.2017 21:00:00.000,4234,4454,4218,4329,1984998.2108000005
27.08.2017 21:00:00.000,4366,4370,4191,4340,2018315.4144000001
28.08.2017 21:00:00.000,4340,4643,4340,4597,2047640.8959000001
29.08.2017 21:00:00.000,4597,4640,4500,4575,1727791.1032999998
30.08.2017 21:00:00.000,4575,4769,4557,4742,1569665.6989
31.08.2017 21:00:00.000,4742,4745,4727,4739,134157.0015
03.09.2017 21:00:00.000,4626,4641,4166,4367,2114934.0173999993
04.09.2017 21:00:00.000,4367,4546,4138,4460,2697043.1064
05.09.2017 21:00:00.000,4460,4690,4415,4569,2604174.3164
06.09.2017 21:00:00.000,4569,4691,4483,4576,3231605.1098999996
07.09.2017 21:00:00.000,4598,4694,4140,4248,2702564.0926000006
10.09.2017 21:00:00.000,4289,4380,4114,4193,3738361.4997
11.09.2017 21:00:00.000,4196,4386,4080,4180,2093899.5857
12.09.2017 21:00:00.000,4180,4212,3737,3898,2816535.9039
13.09.2017 21:00:00.000,3898,3958,3246,3392,2930169.0217
14.09.2017 21:00:00.000,3392,3854,2975,3726,3424503.1893
17.09.2017 21:00:00.000,3748,4127,3705,4007,3348326.7782000005
18.09.2017 21:00:00.000,4007,4124,3851,3906,2569937.9196
19.09.2017 21:00:00.000,3911,4046,3837,3960,2259491.2032000003
20.09.2017 21:00:00.000,3959,3975,3573,3649,2529596.8934
21.09.2017 21:00:00.000,3650,3763,3511,3616,1308716.4841000002
24.09.2017 21:00:00.000,3670,3961,3664,3942,902297.1016999998
25.09.2017 21:00:00.000,3942,3965,3855,3908,2013060.2074000002
26.09.2017 21:00:00.000,3908,4193,3875,4154,2035867.9695
27.09.2017 21:00:00.000,4154,4277,4127,4165,2371452.6176
28.09.2017 21:00:00.000,4165,4222,4018,4173,1616584.1941999998
01.10.2017 21:00:00.000,4388,4470,4361,4393,867893.3049
02.10.2017 21:00:00.000,4392,4431,4236,4285,1028760.8016999998
03.10.2017 21:00:00.000,4284,4353,4185,4201,1508793.9988999998
04.10.2017 21:00:00.000,4201,4360,4146,4347,1436217.1056999997
05.10.2017 21:00:00.000,4347,4418,4297,4341,1444400.299
08.10.2017 21:00:00.000,4583,4871,4557,4844,1829682.8040000005
09.10.2017 21:00:00.000,4843,4927,4740,4873,2015762.4818
10.10.2017 21:00:00.000,4873,4876,4710,4827,1814932.7965000002
11.10.2017 21:00:00.000,4827,5391,4791,5319,2376823.3907999997
12.10.2017 21:00:00.000,5318,5868,5279,5617,2388066.494
15.10.2017 21:00:00.000,5525,5758,5501,5679,2338111.0002
16.10.2017 21:00:00.000,5681,5786,5525,5579,1847863.1020999996
17.10.2017 21:00:00.000,5578,5613,5110,5508,2096951.9997
18.10.2017 21:00:00.000,5509,5741,5487,5701,1999898.5062999998
19.10.2017 21:00:00.000,5701,6064,5619,5973,1895417.5798
22.10.2017 21:00:00.000,5882,6059,5648,5914,2420626.4647999997
23.10.2017 21:00:00.000,5914,5932,5563,5596,3778880.5008
24.10.2017 21:00:00.000,5597,5694,5374,5681,3314883.0833999985
25.10.2017 21:00:00.000,5681,5985,5642,5844,2210640.0908
26.10.2017 21:00:00.000,5844,5996,5690,5756,2159224.182199999
29.10.2017 21:00:00.000,6177,6220,6028,6100,1764670.0094999997
30.10.2017 21:00:00.000,6100,6430,6085,6378,1857819.4160000004
31.10.2017 21:00:00.000,6377,6650,6364,6580,2131336.1931
01.11.2017 21:00:00.000,6580,7401,6574,7058,2461170.2001
02.11.2017 21:00:00.000,7061,7451,6941,7229,2501093.2007
05.11.2017 22:00:00.000,7361,7445,6950,7133,2967550.9072
06.11.2017 22:00:00.000,7129,7229,6932,7075,2846054.6264
07.11.2017 22:00:00.000,7075,7883,7043,7264,2966027.2827000003
08.11.2017 22:00:00.000,7263,7491,7062,7122,2606571.396
09.11.2017 22:00:00.000,7121,7348,6420,6584,2396855.1976999994
12.11.2017 22:00:00.000,5894,6828,5605,6508,3286784.6147
13.11.2017 22:00:00.000,6507,6748,6400,6593,3222719.1008
14.11.2017 22:00:00.000,6593,7346,6542,7294,2297815.2885
15.11.2017 22:00:00.000,7295,7898,7124,7893,2076563.7971
16.11.2017 22:00:00.000,7894,7999,7536,7707,2276277.6030999995
19.11.2017 22:00:00.000,8022,8291,7948,8250,1478794.7043
20.11.2017 22:00:00.000,8250,8376,7800,8136,1782312.4114000003
21.11.2017 22:00:00.000,8136,8304,7971,8205,1609748.8021
22.11.2017 22:00:00.000,8207,8283,8097,8168,1735385.7957000001
23.11.2017 22:00:00.000,8168,8332,7873,8250,1701501.8043
26.11.2017 22:00:00.000,9335,9751,9279,9657,1854947.5059
27.11.2017 22:00:00.000,9653,9975,9555,9945,1549725.6011
28.11.2017 22:00:00.000,9922,11439,9020,10202,2696371.3684
29.11.2017 22:00:00.000,10200,10799,9028,9662,4039828.231600001
30.11.2017 22:00:00.000,9661,10942,9377,10903,3334642.8832
03.12.2017 22:00:00.000,10955,11582,10576,11500,2577205.0019
04.12.2017 22:00:00.000,11501,11867,11462,11778,2078778.9994999997
05.12.2017 22:00:00.000,11778,13479,11698,13403,2494507.1794000003
06.12.2017 22:00:00.000,13331,17639,13331,16059,2486780.5023000003
07.12.2017 22:00:00.000,16056,17119,13891,15647,334564.2001
10.12.2017 22:00:00.000,14805,17432,14543,17150,2036466.0017
11.12.2017 22:00:00.000,17150,17584,16300,17262,1028186.6037000001
12.12.2017 22:00:00.000,17254,17573,15756,16753,1853031.1964999998
13.12.2017 22:00:00.000,16754,17159,16061,16506,1856683.7004
14.12.2017 22:00:00.000,16523,17964,16297,17633,1038956.0861999999
17.12.2017 22:00:00.000,18985,19512,18119,18675,2428291.2138
18.12.2017 22:00:00.000,18675,19010,16737,16905,2293406.2917
19.12.2017 22:00:00.000,16992,17852,15819,16219,3009438.9612000003
20.12.2017 22:00:00.000,16213,17340,14854,15385,1875951.8127000001
21.12.2017 22:00:00.000,15390,15811,10778,14245,391137.1005
24.12.2017 22:00:00.000,13172,14629,13017,13849,616515.2996999999
25.12.2017 22:00:00.000,13786,16158,13665,15930,3225220.9816999994
26.12.2017 22:00:00.000,15933,16502,14635,15206,2668156.3942000004
27.12.2017 22:00:00.000,15201,15503,13503,13938,2127928.7024999997
28.12.2017 22:00:00.000,13943,15093,13927,14313,3038986.0982
01.01.2018 22:00:00.000,13599,15297,13021,14828,850804.5047000003
02.01.2018 22:00:00.000,14855,15474,14656,15118,892734.3025999998
03.01.2018 22:00:00.000,15106,15467,14267,14995,881645.2884000002
04.01.2018 22:00:00.000,14992,16980,14886,16882,912727.5044
07.01.2018 22:00:00.000,16243,16511,13965,14996,897130.1022
08.01.2018 22:00:00.000,14986,15421,14210,14591,748606.4967
09.01.2018 22:00:00.000,14560,14749,13488,14544,837891.7006999999
10.01.2018 22:00:00.000,14554,15014,12844,13516,764627.0004999998
11.01.2018 22:00:00.000,13557,14166,12883,13797,756973.3943999999
14.01.2018 22:00:00.000,13460,14374,13443,13954,781722.6045
15.01.2018 22:00:00.000,13938,13973,10408,10748,675345.2969999999
16.01.2018 22:00:00.000,10630,11821,9225,11433,806738.9012000001
17.01.2018 22:00:00.000,11411,12107,10646,11573,1055040.9069
18.01.2018 22:00:00.000,11572,11985,10940,11410,1256624.5080999997
21.01.2018 22:00:00.000,11424,11932,10080,10402,1428772.3999999997
22.01.2018 22:00:00.000,10389,11439,10008,11032,1418607.1088999999
23.01.2018 22:00:00.000,11034,11545,10547,11266,1201703.8043
24.01.2018 22:00:00.000,11256,11763,10947,11301,1027705.6923999999
25.01.2018 22:00:00.000,11305,11664,10361,10948,1055831.4838
28.01.2018 22:00:00.000,11828,11835,11095,11306,6273.799999999999
29.01.2018 22:00:00.000,11290,11306,9856,10201,8032.2
30.01.2018 22:00:00.000,10195,10443,9684,10065,7907.9000000000015
31.01.2018 22:00:00.000,10057,10299,8701,9176,8523.099999999999
01.02.2018 22:00:00.000,9185,9287,7664,8635,8582.3
04.02.2018 22:00:00.000,8118,8471,6641,7167,350393.1989
05.02.2018 22:00:00.000,7198,7984,5982,7812,1239970.0011
06.02.2018 22:00:00.000,7815,8638,7240,8138,1077360.0042
07.02.2018 22:00:00.000,8131,8680,7587,8230,942900.0050999997
08.02.2018 22:00:00.000,8224,8777,7806,8606,820010
11.02.2018 22:00:00.000,8344,8954,8070,8884,269813.3964
12.02.2018 22:00:00.000,8884,9028,8423,8610,813749.9942999998
13.02.2018 22:00:00.000,8621,9419,8540,9343,884060.0090999999
14.02.2018 22:00:00.000,9337,10272,9302,9923,973779.9949999999
15.02.2018 22:00:00.000,9960,10346,9755,10138,878260.0040000001
18.02.2018 22:00:00.000,10810,11304,10375,11137,903690.0024000001
19.02.2018 22:00:00.000,11159,11799,11112,11760,885970.009
20.02.2018 22:00:00.000,11761,11826,10300,10330,1086789.9911999998
21.02.2018 22:00:00.000,10356,10979,9784,9957,1030909.9980000001
22.02.2018 22:00:00.000,9950,10464,9642,9970,1178655.0062999998
25.02.2018 22:00:00.000,9645,10502,9434,10431,1327805.0039999995
26.02.2018 22:00:00.000,10431,10911,10194,10812,1426557.4878000005
27.02.2018 22:00:00.000,10813,11119,10444,10582,1369897.5029000002
28.02.2018 22:00:00.000,10589,11136,10280,10988,783489.9978999998
01.03.2018 22:00:00.000,10986,11228,10842,11080,771340.0096
04.03.2018 22:00:00.000,11477,11771,11391,11667,619519.9928
05.03.2018 22:00:00.000,11671,11714,10667,10890,725339.9982999997
06.03.2018 22:00:00.000,10890,10994,9540,10042,853999.9953
07.03.2018 22:00:00.000,10047,10214,9183,9446,858330.0018999998
08.03.2018 22:00:00.000,9434,9524,8486,9199,990540.0067000001
11.03.2018 21:00:00.000,9646,10005,8894,9127,702790.0028999998
12.03.2018 21:00:00.000,9128,9582,8959,9168,745430.0079
13.03.2018 21:00:00.000,9167,9460,8319,8416,724649.9956
14.03.2018 21:00:00.000,8416,8526,7783,8364,818049.9972999998
15.03.2018 21:00:00.000,8364,8710,8023,8636,717619.9951000001
18.03.2018 21:00:00.000,8309,8827,8162,8530,783730.0053000001
19.03.2018 21:00:00.000,8530,9108,8432,8989,974190.0081
20.03.2018 21:00:00.000,8989,9247,8831,8963,1566725.0058999998
21.03.2018 21:00:00.000,8963,9162,8565,8671,1624697.5136999998
22.03.2018 21:00:00.000,8671,8842,8363,8692,1526127.4949
25.03.2018 21:00:00.000,8697,8720,7933,7964,1532677.4901999997
26.03.2018 21:00:00.000,7967,8335,7819,8065,1921702.507
27.03.2018 21:00:00.000,8069,8174,7808,7975,1603332.5040999998
28.03.2018 21:00:00.000,7975,8074,7172,7172,1755399.9977000002
29.03.2018 21:00:00.000,7172,7395,6661,6939,2681062.5151000004
01.04.2018 21:00:00.000,6894,7186,6832,7004,1615267.5019999999
02.04.2018 21:00:00.000,7008,7580,6996,7474,1589710.0066
03.04.2018 21:00:00.000,7473,7516,6804,6904,1611154.9874
04.04.2018 21:00:00.000,6911,6987,6652,6823,1920587.4901
05.04.2018 21:00:00.000,6822,6920,6583,6675,1579257.5147999998
08.04.2018 21:00:00.000,7068,7247,6691,6737,856337.4998
09.04.2018 21:00:00.000,6737,6939,6732,6912,820622.4976999998
10.04.2018 21:00:00.000,6912,7036,6857,6966,898987.4989999998
11.04.2018 21:00:00.000,6964,8090,6833,7803,1452144.9987
12.04.2018 21:00:00.000,7808,8292,7782,7966,1943162.5023000003
15.04.2018 21:00:00.000,8377,8482,7976,8059,1489477.4970999998
16.04.2018 21:00:00.000,8059,8231,7899,7990,1439982.5054999997
17.04.2018 21:00:00.000,7990,8304,7942,8262,857755.001
18.04.2018 21:00:00.000,8263,8366,8172,8306,1141032.4879
19.04.2018 21:00:00.000,8306,8630,8291,8595,1332259.991
22.04.2018 21:00:00.000,8986,9069,8833,9004,1418502.4987
23.04.2018 21:00:00.000,9002,9535,8991,9523,1497105.0034
24.04.2018 21:00:00.000,9526,9828,8837,9145,2125362.4839000003
25.04.2018 21:00:00.000,9145,9246,8733,9190,1763919.9946000003
26.04.2018 21:00:00.000,9183,9449,9030,9047,1476730.0035999997
29.04.2018 21:00:00.000,9396,9519,9193,9346,1074954.9979
30.04.2018 21:00:00.000,9346,9352,8908,9092,1373325.0123
01.05.2018 21:00:00.000,9092,9259,9056,9254,990839.9905000001
02.05.2018 21:00:00.000,9254,9817,9240,9733,1177432.4989
03.05.2018 21:00:00.000,9727,9872,9604,9758,1272537.5022000002
06.05.2018 21:00:00.000,9613,9732,9263,9512,1252192.5030999999
07.05.2018 21:00:00.000,9516,9531,9122,9235,1146382.5056999999
08.05.2018 21:00:00.000,9236,9678,9045,9328,1049985.0062000002
09.05.2018 21:00:00.000,9325,9457,9116,9158,1166709.9993999999
10.05.2018 21:00:00.000,9158,9196,8449,8502,1503795.0152999996
13.05.2018 21:00:00.000,8722,8943,8351,8880,1396732.4942000003
14.05.2018 21:00:00.000,8878,8908,8499,8583,1193165.0084
15.05.2018 21:00:00.000,8584,8609,8166,8357,640820.0033999999
16.05.2018 21:00:00.000,8345,8534,8192,8269,567130.0009999998
17.05.2018 21:00:00.000,8268,8338,7994,8291,605540.0028
20.05.2018 21:00:00.000,8589,8643,8380,8471,611630.0019
21.05.2018 21:00:00.000,8472,8485,8151,8173,1144317.5162999998
22.05.2018 21:00:00.000,8172,8174,7506,7653,1720209.9989999998
23.05.2018 21:00:00.000,7650,7789,7338,7604,1830384.983
24.05.2018 21:00:00.000,7604,7714,7402,7510,1374662.5022
27.05.2018 21:00:00.000,7390,7500,7232,7280,1162439.9911999998
28.05.2018 21:00:00.000,7276,7586,7117,7563,1182287.4985
29.05.2018 21:00:00.000,7570,7619,7340,7405,1157332.4966000002
30.05.2018 21:00:00.000,7405,7662,7390,7606,1129425.0013
31.05.2018 21:00:00.000,7605,7671,7418,7503,1121707.5078
03.06.2018 21:00:00.000,7756,7820,7509,7592,926524.9996999999
04.06.2018 21:00:00.000,7592,7727,7423,7696,1056629.9916999997
05.06.2018 21:00:00.000,7698,7738,7553,7681,873510.0004000001
06.06.2018 21:00:00.000,7682,7815,7682,7726,961310.0034000002
07.06.2018 21:00:00.000,7726,7759,7610,7711,1133919.9962
10.06.2018 21:00:00.000,6806,6890,6707,6821,1481154.9988999998
11.06.2018 21:00:00.000,6823,6972,6516,6594,1304907.4995
12.06.2018 21:00:00.000,6594,6678,6198,6325,1163279.999
13.06.2018 21:00:00.000,6324,6768,6303,6722,1297512.5007999998
14.06.2018 21:00:00.000,6722,6750,6518,6563,1545732.5058
17.06.2018 21:00:00.000,6561,6859,6451,6792,1149947.5041999999
18.06.2018 21:00:00.000,6794,6901,6735,6762,1122494.9895000001
19.06.2018 21:00:00.000,6761,6875,6624,6813,1148467.4967999998
20.06.2018 21:00:00.000,6814,6851,6748,6782,895079.9980999999
21.06.2018 21:00:00.000,6783,6810,6083,6138,1239504.9911
24.06.2018 21:00:00.000,6251,6391,6145,6310,1568260.0019999996
25.06.2018 21:00:00.000,6310,6331,6193,6244,1303164.9894
26.06.2018 21:00:00.000,6244,6312,6057,6185,1247522.4971000003
27.06.2018 21:00:00.000,6186,6237,6089,6105,887512.4892
28.06.2018 21:00:00.000,6107,6107,5852,5962,1986542.5072
01.07.2018 21:00:00.000,6400,6730,6336,6684,1446879.9952
02.07.2018 21:00:00.000,6682,6729,6594,6677,1108794.9983
03.07.2018 21:00:00.000,6678,6845,6474,6747,919905.0063999998
04.07.2018 21:00:00.000,6746,6760,6513,6565,1448094.9917
05.07.2018 21:00:00.000,6568,6690,6512,6629,1213154.9969999997
08.07.2018 21:00:00.000,6808,6816,6725,6759,1009064.9938
09.07.2018 21:00:00.000,6759,6860,6389,6448,1891484.9928999995
10.07.2018 21:00:00.000,6454,6464,6337,6414,1275015.0203000002
11.07.2018 21:00:00.000,6414,6439,6203,6231,1128682.5029
12.07.2018 21:00:00.000,6231,6394,6146,6245,967449.9894000002
15.07.2018 21:00:00.000,6439,6769,6392,6720,894540.0066000001
16.07.2018 21:00:00.000,6720,7511,6707,7374,972532.5051
17.07.2018 21:00:00.000,7375,7638,7302,7397,618779.9961000001
18.07.2018 21:00:00.000,7380,7568,7343,7480,841227.5073999998
19.07.2018 21:00:00.000,7483,7738,7338,7414,1316102.5007
22.07.2018 21:00:00.000,7590,7858,7403,7765,1382777.4809000003
23.07.2018 21:00:00.000,7765,8413,7760,8286,1560187.4906
24.07.2018 21:00:00.000,8291,8541,8117,8242,1498335.0068999997
25.07.2018 21:00:00.000,8243,8377,8179,8200,1109495.0049
26.07.2018 21:00:00.000,8200,8330,7859,8288,1345065.0006000004
29.07.2018 21:00:00.000,8258,8330,7921,8214,1160607.5027000003
30.07.2018 21:00:00.000,8217,8258,7726,7753,1290137.5102
31.07.2018 21:00:00.000,7763,7831,7525,7540,1082497.5267
01.08.2018 21:00:00.000,7540,7760,7500,7606,992962.4957000001
02.08.2018 21:00:00.000,7604,7626,7350,7448,562894.0234999999
05.08.2018 21:00:00.000,7114,7217,6947,6982,2784.8199999999997
06.08.2018 21:00:00.000,6982,7209,6902,6938,3359.988
07.08.2018 21:00:00.000,6907,6908,6188,6376,4924.8460000000005
08.08.2018 21:00:00.000,6382,6609,6251,6568,3992.211
09.08.2018 21:00:00.000,6581,6684,6205,6248,4494.378
12.08.2018 21:00:00.000,6399,6591,6215,6335,3404.5280000000007
13.08.2018 21:00:00.000,6335,6343,5947,6131,4912.103000000001
14.08.2018 21:00:00.000,6131,6676,6131,6432,3973.5229999999997
15.08.2018 21:00:00.000,6433,6534,6275,6315,3047.3570000000004
16.08.2018 21:00:00.000,6315,6612,6296,6535,3871.031000000001
19.08.2018 21:00:00.000,6589,6605,6447,6515,2046.8502
20.08.2018 21:00:00.000,6515,6539,6293,6509,2373.4169999999995
21.08.2018 21:00:00.000,6512,6934,6358,6391,2994.95
22.08.2018 21:00:00.000,6391,6543,6312,6479,2435.638
23.08.2018 21:00:00.000,6480,6702,6479,6671,2334.246
26.08.2018 21:00:00.000,6739,6823,6715,6784,1979.413
27.08.2018 21:00:00.000,6783,7185,6774,7143,2597.9340000000007
28.08.2018 21:00:00.000,7143,7180,6972,7105,2530.1659999999993
29.08.2018 21:00:00.000,7105,7123,6859,6974,2337.7639999999997
30.08.2018 21:00:00.000,6974,7147,6950,7108,2372.9610000000002
02.09.2018 21:00:00.000,7344,7386,7254,7361,2226.082
03.09.2018 21:00:00.000,7361,7464,7294,7427,2255.6590000000006
04.09.2018 21:00:00.000,7427,7447,6924,7013,2736.473
05.09.2018 21:00:00.000,7013,7041,6331,6510,4098.783999999999
06.09.2018 21:00:00.000,6510,6592,6389,6505,2656.95
09.09.2018 21:00:00.000,6448,6454,6274,6365,2790.0070000000005
10.09.2018 21:00:00.000,6365,6465,6241,6316,2569.596
11.09.2018 21:00:00.000,6314,6402,6262,6375,2829.082
12.09.2018 21:00:00.000,6372,6587,6360,6527,2312.0200000000004
13.09.2018 21:00:00.000,6527,6642,6451,6595,2227.5359999999996
16.09.2018 21:00:00.000,6561,6590,6270,6277,2132.906
17.09.2018 21:00:00.000,6276,6444,6276,6378,1814.491
18.09.2018 21:00:00.000,6386,6575,6172,6484,1559.547
19.09.2018 21:00:00.000,6485,6510,6400,6437,1479.233
20.09.2018 21:00:00.000,6437,6837,6421,6779,3300.7239999999997
23.09.2018 21:00:00.000,6739,6781,6635,6690,2119.8830000000003
24.09.2018 21:00:00.000,6691,6691,6392,6449,2989.913
25.09.2018 21:00:00.000,6449,6605,6436,6562,2237.935
26.09.2018 21:00:00.000,6562,6792,6492,6754,2401.613
27.09.2018 21:00:00.000,6755,6857,6598,6708,3036.325
30.09.2018 21:00:00.000,6623,6707,6566,6628,2311.537
01.10.2018 21:00:00.000,6626,6673,6520,6606,1724.367
02.10.2018 21:00:00.000,6600,6625,6473,6526,1976.899
03.10.2018 21:00:00.000,6524,6685,6493,6636,1580.057
04.10.2018 21:00:00.000,6632,6668,6592,6629,1454.772
07.10.2018 21:00:00.000,6605,6757,6596,6708,1287.167
08.10.2018 21:00:00.000,6709,6724,6630,6687,1106.1499999999999
09.10.2018 21:00:00.000,6687,6729,6530,6649,1139.6629999999998
10.10.2018 21:00:00.000,6646,6683,6181,6305,2629.638
11.10.2018 21:00:00.000,6308,6368,6207,6310,1545.4700000000003
14.10.2018 21:00:00.000,6330,7376,6268,6453,3415.451999999999
15.10.2018 21:00:00.000,6454,6552,6442,6517,581.8439999999999
16.10.2018 21:00:00.000,6517,6545,6471,6495,306.93600000000004
17.10.2018 21:00:00.000,6496,6549,6417,6452,357.76099999999997
18.10.2018 21:00:00.000,6452,6468,6417,6442,412.85499999999996
21.10.2018 21:00:00.000,6495,6498,6436,6474,254.55700000000002
22.10.2018 21:00:00.000,6473,6477,6418,6451,288.921
23.10.2018 21:00:00.000,6453,6520,6450,6485,395.1490000000001
24.10.2018 21:00:00.000,6485,6490,6422,6459,637.3770000000002
25.10.2018 21:00:00.000,6462,6510,6441,6465,306.14600000000013
28.10.2018 21:00:00.000,6456,6479,6269,6304,470.62200000000007
29.10.2018 21:00:00.000,6304,6350,6296,6329,348.817
30.10.2018 21:00:00.000,6328,6414,6263,6363,381.759
31.10.2018 21:00:00.000,6363,6399,6355,6398,286.78600000000006
01.11.2018 21:00:00.000,6398,6439,6392,6414,400.886
04.11.2018 22:00:00.000,6474,6501,6433,6462,376.2879999999999
05.11.2018 22:00:00.000,6461,6513,6447,6482,369.7299999999999
06.11.2018 22:00:00.000,6482,6598,6481,6563,417.718
07.11.2018 22:00:00.000,6562,6573,6452,6480,438.93000000000006
08.11.2018 22:00:00.000,6480,6486,6371,6389,390.774
11.11.2018 22:00:00.000,6378,6444,6367,6371,408.2940000000001
12.11.2018 22:00:00.000,6370,6388,6319,6339,539.8389999999998
13.11.2018 22:00:00.000,6339,6353,5368,5611,615.1759999999999
14.11.2018 22:00:00.000,5605,5701,5265,5529,880.936
15.11.2018 22:00:00.000,5540,5669,5501,5506,468.509
18.11.2018 22:00:00.000,5605,5619,4748,4843,2050.458
19.11.2018 22:00:00.000,4843,4950,4111,4396,2257.2419999999997
20.11.2018 22:00:00.000,4397,4688,4248,4510,2055.607
21.11.2018 22:00:00.000,4511,4649,4422,4488,1635.7259999999999
22.11.2018 22:00:00.000,4490,4503,4153,4319,1745.438
25.11.2018 22:00:00.000,4108,4151,3581,3719,2288.6749999999997
26.11.2018 22:00:00.000,3724,3858,3617,3826,2087.7360000000003
27.11.2018 22:00:00.000,3826,4414,3805,4281,1456.2302999999997
28.11.2018 22:00:00.000,4281,4454,4147,4244,1335.806
29.11.2018 22:00:00.000,4244,4357,3926,3991,1362.465
02.12.2018 22:00:00.000,4206,4217,3805,3932,1293.1370000000002
03.12.2018 22:00:00.000,3932,4090,3793,3959,1707.13
04.12.2018 22:00:00.000,3959,3973,3725,3783,1297.724
05.12.2018 22:00:00.000,3783,3901,3606,3655,1550.7603999999997
06.12.2018 22:00:00.000,3655,3681,3271,3450,2136.449
09.12.2018 22:00:00.000,3584,3647,3416,3461,1069.865
10.12.2018 22:00:00.000,3460,3486,3355,3432,1204.829
11.12.2018 22:00:00.000,3432,3547,3385,3500,1133.156
12.12.2018 22:00:00.000,3500,3502,3285,3314,1000.221
13.12.2018 22:00:00.000,3314,3353,3195,3218,923.733
16.12.2018 22:00:00.000,3263,3640,3243,3553,957.7309999999998
17.12.2018 22:00:00.000,3552,3632,3494,3594,1174.318
18.12.2018 22:00:00.000,3594,3982,3583,3728,1686.7649999999999
19.12.2018 22:00:00.000,3728,4232,3722,4054,2326.267
20.12.2018 22:00:00.000,4054,4221,3833,3909,2538.7160000000003
23.12.2018 22:00:00.000,4009,4296,3968,4125,1766.9700000000003
24.12.2018 22:00:00.000,4126,4126,4126,4126,0.01
25.12.2018 22:00:00.000,3852,3918,3746,3835,2073.527
26.12.2018 22:00:00.000,3836,3899,3629,3645,2010.107
27.12.2018 22:00:00.000,3645,4015,3627,3953,1344.7450000000001
30.12.2018 22:00:00.000,3881,3903,3695,3733,1331.638
31.12.2018 22:00:00.000,3733,3733,3732,3732,0.01
01.01.2019 22:00:00.000,3779,3959,3767,3945,977.1320000000001
02.01.2019 22:00:00.000,3945,3973,3821,3854,1035.7749999999999
03.01.2019 22:00:00.000,3854,3910,3790,3894,1190.5390000000002
06.01.2019 22:00:00.000,4093,4130,4029,4066,871.3239999999998
07.01.2019 22:00:00.000,4066,4162,4008,4059,1142.3560000000002
08.01.2019 22:00:00.000,4059,4099,4024,4063,1162.495
09.01.2019 22:00:00.000,4063,4093,3628,3691,1390.148
10.01.2019 22:00:00.000,3691,3754,3648,3709,1113.1689999999999
13.01.2019 22:00:00.000,3576,3765,3554,3724,1108.1060000000002
14.01.2019 22:00:00.000,3724,3745,3607,3629,940.5250000000002
15.01.2019 22:00:00.000,3629,3725,3627,3663,869.7080000000001
16.01.2019 22:00:00.000,3664,3718,3604,3684,1001.0730000000001
17.01.2019 22:00:00.000,3685,3710,3638,3672,706.4479999999999
20.01.2019 22:00:00.000,3600,3622,3568,3581,944.3560000000001
21.01.2019 22:00:00.000,3582,3669,3487,3633,947.9350000000002
22.01.2019 22:00:00.000,3633,3675,3582,3604,842.5169999999999
23.01.2019 22:00:00.000,3604,3654,3588,3631,836.6319999999998
24.01.2019 22:00:00.000,3631,3637,3572,3618,791.124
27.01.2019 22:00:00.000,3602,3602,3432,3477,1052.171
28.01.2019 22:00:00.000,3477,3501,3401,3461,855.8989999999999
29.01.2019 22:00:00.000,3461,3519,3432,3492,860.7829999999999
30.01.2019 22:00:00.000,3493,3531,3455,3477,730.7730000000001
31.01.2019 22:00:00.000,3477,3514,3432,3510,852.168
03.02.2019 22:00:00.000,3455,3497,3452,3478,857.746
04.02.2019 22:00:00.000,3478,3491,3458,3483,828.0689999999998
05.02.2019 22:00:00.000,3483,3503,3395,3426,971.4759999999998
06.02.2019 22:00:00.000,3426,3442,3413,3419,932.2369999999999
07.02.2019 22:00:00.000,3419,3769,3402,3654,1038.819
10.02.2019 22:00:00.000,3666,3712,3639,3652,833.28
11.02.2019 22:00:00.000,3652,3679,3608,3636,793.359
12.02.2019 22:00:00.000,3636,3686,3618,3631,825.248
13.02.2019 22:00:00.000,3632,3648,3596,3630,76859.317
14.02.2019 22:00:00.000,3630,3677,3606,3624,260281.7473
17.02.2019 22:00:00.000,3646,3976,3646,3912,410040.01960000006
18.02.2019 22:00:00.000,3912,4031,3890,3948,382502.3393
19.02.2019 22:00:00.000,3948,4023,3926,3973,353552.1808
20.02.2019 22:00:00.000,3973,4046,3927,3957,298797.8965
21.02.2019 22:00:00.000,3957,4015,3945,4001,297094.0636
24.02.2019 22:00:00.000,3845,3920,3789,3865,452093.152
25.02.2019 22:00:00.000,3865,3890,3825,3850,281617.5794
26.02.2019 22:00:00.000,3851,3883,3719,3809,239271.3304
27.02.2019 22:00:00.000,3809,3944,3801,3861,333429.8801
28.02.2019 22:00:00.000,3861,3903,3845,3889,215914.09639999995
03.03.2019 22:00:00.000,3850,3865,3731,3760,243552.56789999997
04.03.2019 22:00:00.000,3760,3930,3742,3894,241245.50680000003
05.03.2019 22:00:00.000,3894,3951,3871,3905,279763.994
06.03.2019 22:00:00.000,3905,3950,3889,3930,308757.237
07.03.2019 22:00:00.000,3930,3970,3908,3927,177779.1887
10.03.2019 21:00:00.000,3957,3971,3877,3907,234168.84859999997
11.03.2019 21:00:00.000,3908,3936,3859,3925,196723.30499999996
12.03.2019 21:00:00.000,3925,3933,3886,3912,188906.911
13.03.2019 21:00:00.000,3912,3957,3845,3912,236280.7823
14.03.2019 21:00:00.000,3912,3969,3906,3958,230669.8331
17.03.2019 21:00:00.000,4036,4074,3993,4031,206826.4801
18.03.2019 21:00:00.000,4031,4070,4010,4052,197800.3505
19.03.2019 21:00:00.000,4052,4078,4024,4070,194411.81269999998
20.03.2019 21:00:00.000,4071,4115,3980,4028,171058.66860000003
21.03.2019 21:00:00.000,4028,4054,4017,4038,1215.7130000000002
24.03.2019 21:00:00.000,4013,4032,3915,3943,1351.908
25.03.2019 21:00:00.000,3942,3982,3937,3968,1882.2830000000001
26.03.2019 21:00:00.000,3969,4088,3964,4064,1049.597
27.03.2019 21:00:00.000,4064,4091,4050,4066,420.0520000000001
28.03.2019 21:00:00.000,4066,4156,4062,4134,926.3389999999999
31.03.2019 21:00:00.000,4148,4204,4110,4182,1890.88
01.04.2019 21:00:00.000,4188,5132,4181,4857,43484.82999999999
02.04.2019 21:00:00.000,4863,5363,4836,5350,26434.055600000003
03.04.2019 21:00:00.000,5350,5399,4842,4906,75720.0338
04.04.2019 21:00:00.000,4909,5125,4896,5060,38018.6339
07.04.2019 21:00:00.000,5199,5405,5191,5312,66112.4844
08.04.2019 21:00:00.000,5313,5370,5207,5277,43175.49980000002
09.04.2019 21:00:00.000,5280,5518,5217,5359,41793.984500000006
10.04.2019 21:00:00.000,5359,5401,5033,5110,52403.342300000004
11.04.2019 21:00:00.000,5114,5170,4973,5104,26201.580800000007
14.04.2019 21:00:00.000,5144,5247,5007,5080,29299.2119
15.04.2019 21:00:00.000,5083,5288,5066,5241,18654.0038
16.04.2019 21:00:00.000,5245,5323,5236,5280,29592.8261
17.04.2019 21:00:00.000,5280,5375,5264,5366,22080.7959
18.04.2019 21:00:00.000,5368,5411,5256,5330,19766.2559
21.04.2019 21:00:00.000,5296,5492,5296,5426,13369.517199999998
22.04.2019 21:00:00.000,5429,5679,5415,5637,30877.117
23.04.2019 21:00:00.000,5641,5679,5434,5494,30394.296399999996
24.04.2019 21:00:00.000,5498,5568,5438,5553,13300.88
25.04.2019 21:00:00.000,5557,5558,5047,5157,98113.41249999999
28.04.2019 21:00:00.000,5185,5246,5136,5187,40362.69639999999
29.04.2019 21:00:00.000,5191,5343,5160,5295,73205.6067
30.04.2019 21:00:00.000,5296,5413,5295,5365,21875.949800000006
01.05.2019 21:00:00.000,5368,5479,5347,5464,26193.675
02.05.2019 21:00:00.000,5465,5853,5426,5749,63554.5949
05.05.2019 21:00:00.000,5808,5814,5623,5753,382974.18040000007
06.05.2019 21:00:00.000,5754,6025,5735,5901,21500.197999999993
07.05.2019 21:00:00.000,5901,5970,5720,5957,34072.38530000001
08.05.2019 21:00:00.000,5960,6152,5907,6139,15142.220999999998
09.05.2019 21:00:00.000,6140,6485,6135,6351,76607.5221
12.05.2019 21:00:00.000,7209,8030,6923,7923,241348.7448
13.05.2019 21:00:00.000,7927,8393,7631,7780,299840.28380000003
14.05.2019 21:00:00.000,7781,8322,7683,8228,159522.29009999998
15.05.2019 21:00:00.000,8230,8443,7730,7730,608654.9377
16.05.2019 21:00:00.000,7728,8016,6564,7164,297619.2753
19.05.2019 21:00:00.000,8139,8354,7637,8063,162767.05680000002
20.05.2019 21:00:00.000,8069,8194,7836,8148,126946.1671
21.05.2019 21:00:00.000,8151,8170,7755,7892,241681.28049999996
22.05.2019 21:00:00.000,7892,7938,7532,7938,242838.22860000006
23.05.2019 21:00:00.000,7941,8237,7857,8177,220263.69710000002
26.05.2019 21:00:00.000,8702,8998,8691,8813,185291.71939999997
27.05.2019 21:00:00.000,8812,8907,8623,8746,194485.0335
28.05.2019 21:00:00.000,8748,8814,8489,8704,203736.79140000002
29.05.2019 21:00:00.000,8705,9138,8462,8518,141096.7163
30.05.2019 21:00:00.000,8518,8572,8061,8562,291120.6806
02.06.2019 21:00:00.000,8742,8819,8389,8614,162050.6269
03.06.2019 21:00:00.000,8616,8622,7564,7710,308672.18880000006
04.06.2019 21:00:00.000,7712,7982,7505,7791,180270.5313
05.06.2019 21:00:00.000,7791,7928,7518,7746,172519.10080000004
06.06.2019 21:00:00.000,7748,8189,7744,7962,110731.8917
09.06.2019 21:00:00.000,7771,8139,7571,8004,106743.5017
10.06.2019 21:00:00.000,8008,8112,7773,7986,51045.1578
11.06.2019 21:00:00.000,7989,8328,7881,8180,57573.59779999999
12.06.2019 21:00:00.000,8182,8351,8111,8318,45887.41120000001
13.06.2019 21:00:00.000,8321,8525,8240,8514,55187.31100000001
16.06.2019 21:00:00.000,8989,9475,8978,9330,89050.6544
17.06.2019 21:00:00.000,9330,9532,8992,9183,151384.193
18.06.2019 21:00:00.000,9185,9266,9010,9222,90643.0725
19.06.2019 21:00:00.000,9225,9656,9197,9619,97857.2634
20.06.2019 21:00:00.000,9623,10005,9523,9996,254505.97449999998
23.06.2019 21:00:00.000,11084,11302,10607,10912,649423.1242999999
24.06.2019 21:00:00.000,10912,11527,10908,11425,879100.9635999999
25.06.2019 21:00:00.000,11425,13910,11424,12793,1578632.7936000004
26.06.2019 21:00:00.000,12796,13399,10361,10733,1907086.8339
27.06.2019 21:00:00.000,10733,12455,10513,12275,1777149.1129
30.06.2019 21:00:00.000,11447,11475,10040,10536,1191694.2179
01.07.2019 21:00:00.000,10536,10973,9710,10765,1142731.9223
02.07.2019 21:00:00.000,10765,11625,10653,11437,1257591.221
03.07.2019 21:00:00.000,11437,12111,11371,11779,1058515.4821
04.07.2019 21:00:00.000,11779,11799,10833,11092,1289472.5743999998
07.07.2019 21:00:00.000,11567,12355,11388,12266,644474.0848999999
08.07.2019 21:00:00.000,12266,12882,12171,12460,819697.2598000001
09.07.2019 21:00:00.000,12462,13246,11697,11836,1101479.6488
10.07.2019 21:00:00.000,11835,12250,11036,11206,1244011.3869000003
11.07.2019 21:00:00.000,11207,11976,11129,11968,1073969.5205
14.07.2019 21:00:00.000,10700,11007,9920,10881,1219457.7131999999
15.07.2019 21:00:00.000,10881,11133,9533,9654,1054766.5632000004
16.07.2019 21:00:00.000,9654,10044,9139,9747,1282863.4565999997
17.07.2019 21:00:00.000,9747,10769,9350,10676,980769.9019999999
18.07.2019 21:00:00.000,10676,10841,10174,10587,1129528.2172
21.07.2019 21:00:00.000,10566,10739,10122,10382,738725.8165
22.07.2019 21:00:00.000,10384,10440,9922,10201,809433.8358000001
23.07.2019 21:00:00.000,10201,10203,9574,9726,883779.1024000001
24.07.2019 21:00:00.000,9726,10240,9717,9930,757489.0487999998
25.07.2019 21:00:00.000,9930,10003,9717,9890,715931.0549
28.07.2019 21:00:00.000,9565,9771,9173,9571,675310.5107999998
29.07.2019 21:00:00.000,9571,9812,9435,9599,512741.30149999994
30.07.2019 21:00:00.000,9600,10184,9579,10083,600451.1804000001
31.07.2019 21:00:00.000,10083,10548,9941,10470,678755.2416999999
01.08.2019 21:00:00.000,10470,10721,10389,10463,650716.9561999999
04.08.2019 21:00:00.000,11013,12005,10863,11781,602257.531
05.08.2019 21:00:00.000,11781,12374,11593,11704,755993.5819
06.08.2019 21:00:00.000,11704,12200,11266,11922,722514.6443
07.08.2019 21:00:00.000,11922,12127,11532,11652,817360.733
08.08.2019 21:00:00.000,11652,12106,11646,11921,774387.7448000001
11.08.2019 21:00:00.000,11470,11630,11274,11473,527224.5791
12.08.2019 21:00:00.000,11473,11497,10806,10934,570438.2287999999
13.08.2019 21:00:00.000,10933,10945,10088,10221,828702.7815999999
14.08.2019 21:00:00.000,10221,10449,9539,10429,992099.0601000001
15.08.2019 21:00:00.000,10429,10597,9802,10453,869290.9049000001
18.08.2019 21:00:00.000,10410,10888,10328,10735,613170.1242
19.08.2019 21:00:00.000,10735,11008,10622,10763,686066.9192999998
20.08.2019 21:00:00.000,10763,10900,9909,10207,895926.6854
21.08.2019 21:00:00.000,10206,10286,9818,10235,851545.1307
22.08.2019 21:00:00.000,10237,10525,10105,10419,564584.1924
25.08.2019 21:00:00.000,10050,10712,9965,10320,574402.7572
26.08.2019 21:00:00.000,10320,10451,10083,10200,696683.6509000001
27.08.2019 21:00:00.000,10199,10334,9621,9725,672954.7311000001
28.08.2019 21:00:00.000,9725,9803,9381,9583,412215.02689999994
29.08.2019 21:00:00.000,9584,9751,9418,9685,2578.227
31.08.2019 21:00:00.000,9685,9685,9660,9660,0
01.09.2019 21:00:00.000,9699,10518,9694,10463,347415.7540000001
02.09.2019 21:00:00.000,10463,10832,10347,10768,571407.9245
03.09.2019 21:00:00.000,10768,10885,10441,10686,564130.6097
04.09.2019 21:00:00.000,10686,10754,10519,10577,594078.3043
05.09.2019 21:00:00.000,10577,10998,10267,10416,507286.79830000014
08.09.2019 21:00:00.000,10421,10588,10128,10293,468909.5785
09.09.2019 21:00:00.000,10294,10444,9989,10107,494869.30850000004
10.09.2019 21:00:00.000,10107,10311,9923,10155,543121.3474
11.09.2019 21:00:00.000,10155,10432,10092,10389,544231.3528999999
12.09.2019 21:00:00.000,10389,10522,10218,10328,454229.8164
15.09.2019 21:00:00.000,10333,10433,10132,10269,326028.17539999995
16.09.2019 21:00:00.000,10269,10395,10194,10309,423516.56979999994
17.09.2019 21:00:00.000,10309,10317,10140,10251,430174.1930000001
18.09.2019 21:00:00.000,10251,10420,9677,10315,609602.5931
19.09.2019 21:00:00.000,10315,10368,10119,10194,505291.7014999999
22.09.2019 21:00:00.000,10067,10132,9743,9823,551527.9923999999
23.09.2019 21:00:00.000,9823,9865,8107,8632,923258.8616000001
24.09.2019 21:00:00.000,8631,8852,8282,8566,1257648.2926
25.09.2019 21:00:00.000,8566,8708,7792,8151,843323.1773
26.09.2019 21:00:00.000,8152,8189,7923,8118,759218.2061999999
29.09.2019 21:00:00.000,8068,8415,7768,8294,569829.2168
30.09.2019 21:00:00.000,8294,8585,8251,8430,629586.7946
01.10.2019 21:00:00.000,8430,8470,8233,8291,552175.3169
02.10.2019 21:00:00.000,8291,8473,8141,8203,597103.3241
03.10.2019 21:00:00.000,8203,8350,8079,8224,601139.5127999999
06.10.2019 21:00:00.000,7965,8369,7826,8273,716355.4044000001
07.10.2019 21:00:00.000,8273,8399,8170,8187,582481.3347
08.10.2019 21:00:00.000,8187,8748,8178,8646,699244.1177000001
09.10.2019 21:00:00.000,8646,8713,8513,8638,615950.7961
10.10.2019 21:00:00.000,8638,8867,8345,8398,762135.6450000001
13.10.2019 21:00:00.000,8307,8456,8275,8400,543296.2513
14.10.2019 21:00:00.000,8400,8467,8152,8199,515788.8154000001
15.10.2019 21:00:00.000,8198,8232,7971,8044,602695.6508999999
16.10.2019 21:00:00.000,8045,8179,7996,8103,554507.5979000002
17.10.2019 21:00:00.000,8103,8175,7880,8004,550101.8741
20.10.2019 21:00:00.000,8282,8398,8216,8263,432753.7382
21.10.2019 21:00:00.000,8263,8371,8131,8180,542938.4547
22.10.2019 21:00:00.000,8180,8180,7361,7547,614150.8632000001
23.10.2019 21:00:00.000,7547,7567,7415,7514,686856.0504
24.10.2019 21:00:00.000,7514,8820,7455,8626,654333.8879
27.10.2019 21:00:00.000,9680,9984,9326,9515,834284.859
28.10.2019 21:00:00.000,9515,9617,9146,9503,802277.8968000001
29.10.2019 21:00:00.000,9503,9529,9057,9242,871488.7754
30.10.2019 21:00:00.000,9242,9466,9015,9269,750615.2517
31.10.2019 21:00:00.000,9270,9532,9115,9269,552441.6198
02.11.2019 21:00:00.000,9217,9223,9137,9214,107.94
03.11.2019 22:00:00.000,9212,9606,9183,9497,496728.7541
04.11.2019 22:00:00.000,9497,9537,9242,9412,617227.3665
05.11.2019 22:00:00.000,9412,9502,9315,9373,441265.1024
06.11.2019 22:00:00.000,9376,9427,9144,9268,413720.7938000001
07.11.2019 22:00:00.000,9268,9306,8731,8857,597462.227
09.11.2019 22:00:00.000,9093,9105,9084,9098,65.135
10.11.2019 22:00:00.000,9098,9154,8658,8790,645038.7077
11.11.2019 22:00:00.000,8790,8913,8618,8821,627191.2306000001
12.11.2019 22:00:00.000,8821,8892,8764,8810,356844.8599999999
13.11.2019 22:00:00.000,8810,8842,8618,8707,427798.94269999996
14.11.2019 22:00:00.000,8707,8822,8434,8525,530945.5846
16.11.2019 22:00:00.000,8587,8622,8582,8612,13.794
17.11.2019 22:00:00.000,8610,8610,8091,8274,404417.87499999994
18.11.2019 22:00:00.000,8278,8278,8056,8164,469836.1997000001
19.11.2019 22:00:00.000,8164,8272,8086,8144,351775.25430000003
20.11.2019 22:00:00.000,8144,8172,7454,7648,497921.1021999999
21.11.2019 22:00:00.000,7648,7764,6852,7386,833234.2264999998
23.11.2019 22:00:00.000,7114,7158,7096,7105,120.153
24.11.2019 22:00:00.000,7103,7428,6585,7267,945374.3253000001
25.11.2019 22:00:00.000,7267,7392,7082,7169,785762.0488000001
26.11.2019 22:00:00.000,7169,7729,6909,7607,700206.8207
27.11.2019 22:00:00.000,7606,7711,7484,7621,625304.324
28.11.2019 22:00:00.000,7621,7919,7434,7803,596123.6505999999
30.11.2019 22:00:00.000,7413,7444,7375,7438,83.919
01.12.2019 22:00:00.000,7435,7505,7221,7374,628997.3967
02.12.2019 22:00:00.000,7374,7465,7299,7387,475566.5734999998
03.12.2019 22:00:00.000,7387,7814,7150,7242,637162.8607999999
04.12.2019 22:00:00.000,7242,7544,7215,7438,713779.2453000001
05.12.2019 22:00:00.000,7438,7660,7366,7496,515204.67860000004
07.12.2019 22:00:00.000,7594,7615,7594,7603,30.657
08.12.2019 22:00:00.000,7601,7709,7339,7416,601728.9746000002
09.12.2019 22:00:00.000,7416,7442,7217,7278,495716.5762
10.12.2019 22:00:00.000,7278,7324,7185,7248,391272.97260000004
11.12.2019 22:00:00.000,7248,7343,7140,7258,457581.72330000007
12.12.2019 22:00:00.000,7258,7355,7240,7313,324361.2002
14.12.2019 22:00:00.000,7187,7187,7166,7178,23.76
15.12.2019 22:00:00.000,7177,7196,6883,6931,440481.0209
16.12.2019 22:00:00.000,6932,6989,6632,6672,471217.7758
17.12.2019 22:00:00.000,6673,7275,6492,7189,724663.2509000001
18.12.2019 22:00:00.000,7189,7474,7095,7211,749823.4339000001
19.12.2019 22:00:00.000,7211,7273,7135,7265,572580.3471
21.12.2019 22:00:00.000,7477,7480,7444,7464,65.703
22.12.2019 22:00:00.000,7465,7745,7349,7374,235815.2983
23.12.2019 22:00:00.000,7374,7482,7217,7303,484412.2267
24.12.2019 22:00:00.000,7304,7305,7260,7267,187.514
25.12.2019 22:00:00.000,7265,7480,7223,7246,473845.12340000004
26.12.2019 22:00:00.000,7245,7309,7121,7269,556053.8489000001
28.12.2019 22:00:00.000,7449,7455,7416,7447,122.76
29.12.2019 22:00:00.000,7447,7481,7258,7300,508509.29200000013
30.12.2019 22:00:00.000,7300,7356,7173,7216,505211.77099999995
31.12.2019 22:00:00.000,7216,7280,7216,7273,83.857
01.01.2020 22:00:00.000,7272,7272,6964,7016,571250.1621
02.01.2020 22:00:00.000,7016,7457,6915,7368,606507.3489
04.01.2020 22:00:00.000,7487,7487,7420,7420,77.979
05.01.2020 22:00:00.000,7418,7659,7372,7633,387117.1493
06.01.2020 22:00:00.000,7633,8248,7633,8079,488721.70160000003
07.01.2020 22:00:00.000,8079,8520,7930,8062,839687.831
08.01.2020 22:00:00.000,8062,8166,7804,7844,647876.1233
09.01.2020 22:00:00.000,7844,8189,7732,8131,744628.8964
11.01.2020 22:00:00.000,8194,8201,8154,8159,66.627
12.01.2020 22:00:00.000,8156,8248,8100,8189,621364.9944
13.01.2020 22:00:00.000,8189,8912,8160,8798,852059.8552
14.01.2020 22:00:00.000,8799,8954,8616,8879,993850.1492
15.01.2020 22:00:00.000,8879,8918,8640,8737,870336.6717000001
16.01.2020 22:00:00.000,8737,9064,8723,8925,770731.1515999999
18.01.2020 22:00:00.000,8699,8806,8697,8777,141.702
19.01.2020 22:00:00.000,8776,8800,8543,8729,773024.1507999998
20.01.2020 22:00:00.000,8729,8826,8542,8778,512550.67370000016
21.01.2020 22:00:00.000,8778,8847,8630,8697,558780.6309
22.01.2020 22:00:00.000,8697,8724,8335,8439,832763.6691999998
23.01.2020 22:00:00.000,8439,8565,8278,8532,658776.0896999999
25.01.2020 22:00:00.000,8613,8644,8612,8642,56.064
26.01.2020 22:00:00.000,8641,9044,8594,9003,534005.5771999999
27.01.2020 22:00:00.000,9004,9237,8933,9101,451225.05889999995
28.01.2020 22:00:00.000,9100,9485,9094,9413,610593.4302000001
29.01.2020 22:00:00.000,9413,9619,9242,9613,607586.8501000002
30.01.2020 22:00:00.000,9614,9622,9256,9362,573744.8557999999
31.01.2020 22:00:00.000,9362,9412,9362,9412,0
01.02.2020 22:00:00.000,9493,9502,9481,9499,58.266
02.02.2020 22:00:00.000,9499,9663,9278,9331,645048.6427
03.02.2020 22:00:00.000,9334,9400,9135,9195,598778.6905
04.02.2020 22:00:00.000,9196,9822,9189,9746,430416.9422000001
05.02.2020 22:00:00.000,9748,9912,9585,9795,423784.62149999995
06.02.2020 22:00:00.000,9795,9925,9709,9787,414842.6004
08.02.2020 22:00:00.000,10117,10147,10115,10135,43.168
09.02.2020 22:00:00.000,10133,10251,9801,9925,567637.3577
10.02.2020 22:00:00.000,9926,10440,9770,10298,508624.29190000007
11.02.2020 22:00:00.000,10302,10538,10280,10447,613802.0826999999
12.02.2020 22:00:00.000,10450,10564,10140,10241,740400.7701
13.02.2020 22:00:00.000,10241,10446,10161,10429,401872.76900000003
15.02.2020 22:00:00.000,9839,9849,9821,9829,76.154
16.02.2020 22:00:00.000,9826,10058,9531,9703,994379.3279
17.02.2020 22:00:00.000,9703,10329,9669,10216,726202.0761000002
18.02.2020 22:00:00.000,10216,10359,9374,9671,495640.02119999996
19.02.2020 22:00:00.000,9671,9764,9456,9668,767475.4171000001
20.02.2020 22:00:00.000,9668,9826,9634,9775,433761.2391
22.02.2020 22:00:00.000,9945,9957,9943,9943,29
23.02.2020 22:00:00.000,9943,10081,9543,9663,729437.6496000001
24.02.2020 22:00:00.000,9663,9734,9304,9442,882357.4123000001
25.02.2020 22:00:00.000,9442,9478,8683,8801,1284178.9149000002
26.02.2020 22:00:00.000,8801,9028,8581,8813,966722.3643999998
27.02.2020 22:00:00.000,8813,8957,8491,8674,822978.2009
29.02.2020 22:00:00.000,8540,8586,8519,8570,133.284
01.03.2020 22:00:00.000,8572,9005,8548,9002,667563.0045999999
02.03.2020 22:00:00.000,9003,9028,8719,8795,614813.6378999999
03.03.2020 22:00:00.000,8795,8903,8728,8791,620347.9746999999
04.03.2020 22:00:00.000,8793,9226,8786,9173,507771.53820000007
05.03.2020 22:00:00.000,9174,9236,9055,9176,348350.70739999996
08.03.2020 21:00:00.000,8330,8350,7692,7914,1294145.8915000001
09.03.2020 21:00:00.000,7914,8211,7795,8055,956572.0387
10.03.2020 21:00:00.000,8055,8094,7650,7919,884162.9503999997
11.03.2020 21:00:00.000,7919,8043,5656,5778,1276972.4874
12.03.2020 21:00:00.000,5778,6033,3965,5504,1401622.9400000002
15.03.2020 21:00:00.000,5233,6012,4493,4962,1167239.9663000002
16.03.2020 21:00:00.000,4962,5562,4923,5526,742687.9816000002
17.03.2020 21:00:00.000,5526,5618,5079,5397,493184.2579000001
18.03.2020 21:00:00.000,5397,6446,5325,6312,543353.7322
19.03.2020 21:00:00.000,6312,6989,5734,6031,772777.7804999999
22.03.2020 21:00:00.000,5996,6675,5749,6470,630154.7212999999
23.03.2020 21:00:00.000,6470,6918,6417,6813,820737.6147
24.03.2020 21:00:00.000,6813,7034,6530,6657,594477.4463000001
25.03.2020 21:00:00.000,6657,6851,6588,6803,284952.3063
26.03.2020 21:00:00.000,6803,6923,6641,6742,272410.9182
29.03.2020 21:00:00.000,6006,6566,5913,6533,292050.02420000004
30.03.2020 21:00:00.000,6538,6675,6399,6538,323764.1241000001
31.03.2020 21:00:00.000,6538,6553,6215,6409,255545.12490000002
01.04.2020 21:00:00.000,6409,7299,6409,6805,565837.7856000001
02.04.2020 21:00:00.000,6805,7104,6670,6762,564429.1621
05.04.2020 21:00:00.000,6816,7378,6787,7288,552437.4569
06.04.2020 21:00:00.000,7288,7518,7137,7177,363213.9754
07.04.2020 21:00:00.000,7180,7485,7144,7381,437974.00479999994
08.04.2020 21:00:00.000,7381,7454,7171,7362,482735.99989999994
09.04.2020 21:00:00.000,7363,7382,6811,6981,343110.74120000005
12.04.2020 21:00:00.000,7188,7205,6640,6886,377944.8684999999
13.04.2020 21:00:00.000,6886,7044,6835,6932,294345.99809999997
14.04.2020 21:00:00.000,6932,6996,6749,6808,432690.01
15.04.2020 21:00:00.000,6808,7188,6535,7116,762029.7562000001
16.04.2020 21:00:00.000,7118,7266,7058,7119,415109.85409999994
19.04.2020 21:00:00.000,7207,7278,6817,6925,260780.6324
20.04.2020 21:00:00.000,6925,7004,6833,6951,233564.1709
21.04.2020 21:00:00.000,6951,7223,6884,7176,156399.9984
22.04.2020 21:00:00.000,7176,7818,7094,7598,291824.19810000004
23.04.2020 21:00:00.000,7598,7673,7455,7592,455840.4833999999
26.04.2020 21:00:00.000,7715,7857,7649,7767,278769.1939
27.04.2020 21:00:00.000,7767,7852,7731,7795,192052.61990000005
28.04.2020 21:00:00.000,7795,8993,7778,8989,365936.7284
29.04.2020 21:00:00.000,8993,9525,8469,8883,716707.9908
30.04.2020 21:00:00.000,8883,9127,8647,8791,770455.0068999999
03.05.2020 21:00:00.000,8893,9022,8594,8980,678988.8561999999
04.05.2020 21:00:00.000,8981,9175,8833,9013,616551.3745
05.05.2020 21:00:00.000,9013,9451,8981,9310,556740.9022000001
06.05.2020 21:00:00.000,9310,10024,9102,9861,660199.0210999998
07.05.2020 21:00:00.000,9861,10129,9792,10059,514644.7602
10.05.2020 21:00:00.000,8790,9229,8254,8695,719607.3942000002
11.05.2020 21:00:00.000,8695,9034,8539,8882,447816.9542
12.05.2020 21:00:00.000,8883,9397,8808,9358,113134.5259
13.05.2020 21:00:00.000,9361,9997,9326,9714,506453.091
14.05.2020 21:00:00.000,9718,9907,9194,9301,913177.1487999998
17.05.2020 21:00:00.000,9791,10005,9512,9736,629369.3073999999
18.05.2020 21:00:00.000,9736,9950,9525,9746,179490.88619999998
19.05.2020 21:00:00.000,9753,9895,9363,9645,221490.32319999998
20.05.2020 21:00:00.000,9650,9650,8861,9115,588087.381
21.05.2020 21:00:00.000,9115,9321,8982,9243,525499.1951
24.05.2020 21:00:00.000,9059,9137,8696,8971,311504.50940000004
25.05.2020 21:00:00.000,8975,9067,8752,8917,535741.579
26.05.2020 21:00:00.000,8917,9278,8861,9223,587165.3487000001
27.05.2020 21:00:00.000,9226,9587,9116,9505,597605.7024
28.05.2020 21:00:00.000,9506,9681,9389,9477,662958.0211000001
31.05.2020 21:00:00.000,9565,9751,9443,9737,730021.6118
01.06.2020 21:00:00.000,9738,10440,9333,9579,583473.7552
02.06.2020 21:00:00.000,9579,9698,9450,9642,310515.4279
03.06.2020 21:00:00.000,9643,9940,9509,9842,268137.4426
04.06.2020 21:00:00.000,9842,9916,9645,9775,281866.24809999997
07.06.2020 21:00:00.000,9786,9855,9704,9760,135315.9254
08.06.2020 21:00:00.000,9762,9937,9624,9808,118489.75390000001
09.06.2020 21:00:00.000,9808,10059,9751,9924,137727.0535
10.06.2020 21:00:00.000,9924,10025,9123,9396,257408.5175
11.06.2020 21:00:00.000,9396,9602,9287,9523,166608.61639999997
14.06.2020 21:00:00.000,9440,9541,8958,9541,312446.1596
15.06.2020 21:00:00.000,9541,9646,9441,9552,255270.6473
16.06.2020 21:00:00.000,9554,9611,9290,9430,226040.62610000002
17.06.2020 21:00:00.000,9430,9535,9361,9396,193415.9642
18.06.2020 21:00:00.000,9396,9483,9290,9374,320222.4653999999
21.06.2020 21:00:00.000,9368,9722,9328,9704,249505.20829999994
22.06.2020 21:00:00.000,9704,9840,9635,9690,162804.55199999997
23.06.2020 21:00:00.000,9690,9720,9252,9347,233814.3784
24.06.2020 21:00:00.000,9348,9373,9045,9333,362887.4053
25.06.2020 21:00:00.000,9334,9391,9085,9247,371036.6529999999
28.06.2020 21:00:00.000,9168,9251,9075,9239,154285.8297
29.06.2020 21:00:00.000,9239,9290,9117,9205,150523.2664
30.06.2020 21:00:00.000,9205,9356,9149,9297,167129.071
01.07.2020 21:00:00.000,9297,9322,8997,9139,247772.7356
02.07.2020 21:00:00.000,9139,9209,9109,9147,95610.81439999999
04.07.2020 21:00:00.000,9089,9103,9089,9095,21.489
05.07.2020 21:00:00.000,9067,9409,8985,9335,202349.77900000004
06.07.2020 21:00:00.000,9334,9436,9264,9314,113061.4433
07.07.2020 21:00:00.000,9314,9530,9288,9490,136578.5276
08.07.2020 21:00:00.000,9490,9528,9214,9296,151839.18469999998
09.07.2020 21:00:00.000,9297,9314,9182,9289,104347.45350000002
11.07.2020 21:00:00.000,9320,9322,9306,9307,38.918
12.07.2020 21:00:00.000,9291,9399,9255,9309,858.8079999999999
13.07.2020 21:00:00.000,9302,9338,9170,9332,365.261
14.07.2020 21:00:00.000,9332,9335,9215,9272,308.23400000000004
15.07.2020 21:00:00.000,9269,9287,9091,9162,398.271
16.07.2020 21:00:00.000,9161,9240,9136,9224,287.94199999999995
18.07.2020 21:00:00.000,9187,9197,9174,9190,44.544
19.07.2020 21:00:00.000,9232,9294,9194,9235,361.32800000000015
20.07.2020 21:00:00.000,9233,9495,9211,9438,459.46199999999993
21.07.2020 21:00:00.000,9435,9456,9343,9437,307.182
22.07.2020 21:00:00.000,9434,9735,9428,9649,460.02199999999993
23.07.2020 21:00:00.000,9650,9681,9535,9651,396.76099999999997
25.07.2020 21:00:00.000,10073,10074,10017,10036,83.868
26.07.2020 21:00:00.000,9941,10997,9934,10942,1864.539
27.07.2020 21:00:00.000,10941,11455,10642,11035,3007.2999999999997
28.07.2020 21:00:00.000,11048,11351,10904,11278,2030.6710000000003
29.07.2020 21:00:00.000,11278,11404,10896,11207,1371.4859999999999
30.07.2020 21:00:00.000,11214,11511,11034,11380,2009.3579999999997
31.07.2020 21:00:00.000,11684,11912,11629,11894,319.812
01.08.2020 21:00:00.000,11311,11329,11022,11165,211.903
02.08.2020 21:00:00.000,11149,11530,11012,11430,2166.89
03.08.2020 21:00:00.000,11450,11473,11088,11270,2505.7989999999995
04.08.2020 21:00:00.000,11274,11777,11159,11743,2573.7039999999997
05.08.2020 21:00:00.000,11757,11968,11602,11909,2685.8980000000006
06.08.2020 21:00:00.000,11921,11969,11406,11563,2619.966
09.08.2020 21:00:00.000,11733,12135,11578,11918,2578.5259999999994
10.08.2020 21:00:00.000,11917,11998,11189,11269,2417.3500000000004
11.08.2020 21:00:00.000,11253,11677,11187,11624,2956.02
12.08.2020 21:00:00.000,11622,11719,11336,11668,2599.705
13.08.2020 21:00:00.000,11707,11918,11673,11873,1432.0110000000002
16.08.2020 21:00:00.000,11908,12528,11834,12386,1822.8680000000002
17.08.2020 21:00:00.000,12384,12467,11889,12089,1648.5780000000002
18.08.2020 21:00:00.000,12084,12152,11640,11774,1385.19
19.08.2020 21:00:00.000,11776,11948,11734,11922,1062.842
20.08.2020 21:00:00.000,11920,11950,11670,11735,884.763
21.08.2020 21:00:00.000,11629,11667,11610,11665,359.03
22.08.2020 21:00:00.000,11599,11614,11584,11591,155.49
23.08.2020 21:00:00.000,11727,11881,11655,11791,658.645
24.08.2020 21:00:00.000,11781,11844,11177,11323,1050.258
25.08.2020 21:00:00.000,11336,11600,11315,11569,1065.2430000000002
26.08.2020 21:00:00.000,11569,11652,11186,11323,1134.798
27.08.2020 21:00:00.000,11322,11606,11312,11568,715.366
28.08.2020 21:00:00.000,11524,11599,11496,11579,156.413
29.08.2020 21:00:00.000,11627,11667,11622,11664,179.475
30.08.2020 21:00:00.000,11694,11834,11636,11738,363.069
31.08.2020 21:00:00.000,11733,12117,11602,12076,774.301
01.09.2020 21:00:00.000,12070,12109,11214,11408,928.0339999999999
02.09.2020 21:00:00.000,11408,11484,10523,10809,2297.071
03.09.2020 21:00:00.000,10809,10820,9944,10630,3941.1029999999996
04.09.2020 21:00:00.000,10630,10664,9883,10115,4464.468
05.09.2020 21:00:00.000,10115,10324,9987,10263,4309.54
06.09.2020 21:00:00.000,10349,10372,9908,10176,2384.678
07.09.2020 21:00:00.000,10178,10467,9951,10041,2487.934
08.09.2020 21:00:00.000,10035,10373,9877,10285,2121.9860000000003
09.09.2020 21:00:00.000,10285,10515,10205,10328,1334.7910000000002
10.09.2020 21:00:00.000,10328,10407,10230,10355,505.522
11.09.2020 21:00:00.000,10355,10504,10302,10464,806.426
12.09.2020 21:00:00.000,10466,10604,10235,10340,783.6309999999999
13.09.2020 21:00:00.000,10341,10781,10276,10715,874.088
14.09.2020 21:00:00.000,10717,10960,10640,10890,949.003
15.09.2020 21:00:00.000,10890,11121,10690,11023,883.4670000000001
16.09.2020 21:00:00.000,11024,11068,10769,10962,857.513
17.09.2020 21:00:00.000,10962,11064,10840,10913,636.751
18.09.2020 21:00:00.000,10913,11202,10907,11117,949.2439999999999
19.09.2020 21:00:00.000,11117,11119,10791,10881,1061.4969999999998
20.09.2020 21:00:00.000,10882,11017,10314,10505,1049.492
21.09.2020 21:00:00.000,10505,10555,10381,10540,843.576
22.09.2020 21:00:00.000,10540,10598,10161,10248,837.546
23.09.2020 21:00:00.000,10248,10737,10218,10654,917.4150000000001
24.09.2020 21:00:00.000,10654,10818,10577,10744,820.236
25.09.2020 21:00:00.000,10744,10852,10685,10746,1080.3918
26.09.2020 21:00:00.000,10748,10828,10619,10751,1185.2369999999999
27.09.2020 21:00:00.000,10752,10972,10733,10895,734.7620000000001
28.09.2020 21:00:00.000,10895,10917,10657,10781,668.4319999999999
29.09.2020 21:00:00.000,10783,10888,10686,10732,680.6259999999999
30.09.2020 21:00:00.000,10732,10948,10466,10633,673.4960000000001
01.10.2020 21:00:00.000,10633,10687,10405,10572,836.5160000000001
02.10.2020 21:00:00.000,10572,10626,10495,10597,836.0680000000001
03.10.2020 21:00:00.000,10597,10721,10553,10676,895.8979999999999
04.10.2020 21:00:00.000,10676,10799,10645,10766,498.726
05.10.2020 21:00:00.000,10766,10825,10551,10572,636.613
06.10.2020 21:00:00.000,10573,10704,10553,10685,680.175
07.10.2020 21:00:00.000,10688,10982,10559,10920,667.8709999999999
08.10.2020 21:00:00.000,10920,11134,10858,11069,643.6349999999999
09.10.2020 21:00:00.000,11069,11521,11054,11393,716.331
10.10.2020 21:00:00.000,11394,11465,11294,11355,718.639
11.10.2020 21:00:00.000,11358,11619,11209,11592,793.118
12.10.2020 21:00:00.000,11593,11749,11334,11460,897.0100000000001
13.10.2020 21:00:00.000,11460,11577,11323,11416,696.7700000000001
14.10.2020 21:00:00.000,11416,11636,11279,11569,674.086
15.10.2020 21:00:00.000,11569,11570,11234,11345,795.712
16.10.2020 21:00:00.000,11345,11429,11294,11378,523.334
17.10.2020 21:00:00.000,11381,11520,11364,11469,391.30199999999996
18.10.2020 21:00:00.000,11472,11854,11439,11758,696.8239999999998
19.10.2020 21:00:00.000,11760,12073,11710,11926,1065.545
20.10.2020 21:00:00.000,11932,12937,11910,12878,1423.2589999999998
21.10.2020 21:00:00.000,12884,13259,12722,13147,1345.969
22.10.2020 21:00:00.000,13147,13221,12756,12970,1238.317
23.10.2020 21:00:00.000,12970,13198,12914,13135,625.305
24.10.2020 21:00:00.000,13135,13379,12930,13062,634.838
25.10.2020 21:00:00.000,13060,13267,12807,13042,1179.153
26.10.2020 21:00:00.000,13042,13780,13023,13641,1344.1009999999997
27.10.2020 21:00:00.000,13641,13878,12923,13234,1807.5829999999999
28.10.2020 21:00:00.000,13234,13670,13011,13507,1537.857
29.10.2020 21:00:00.000,13507,13698,13152,13666,1799.1290000000001
30.10.2020 21:00:00.000,13666,14095,13461,13872,1555.3329999999999
31.10.2020 21:00:00.000,13873,13921,13654,13846,1369.9629999999997
01.11.2020 22:00:00.000,13846,13862,13240,13642,1697.785
02.11.2020 22:00:00.000,13649,13824,13318,13762,1730.9819999999997
03.11.2020 22:00:00.000,13769,14290,13561,14030,1897.876
04.11.2020 22:00:00.000,14030,15326,14030,15259,2129.8019999999997
05.11.2020 22:00:00.000,15259,15986,15221,15581,2385.073
06.11.2020 22:00:00.000,15584,15802,14380,14863,1889.4030000000002
07.11.2020 22:00:00.000,14868,15677,14710,15365,1304.9479999999999
08.11.2020 22:00:00.000,15365,15868,14843,15410,2033.0460000000003
09.11.2020 22:00:00.000,15414,15501,15121,15413,1859.215
10.11.2020 22:00:00.000,15415,16012,15316,15854,1797.6699999999998
11.11.2020 22:00:00.000,15867,16234,15491,16179,1980.4819999999997
12.11.2020 22:00:00.000,16179,16511,15997,16324,1965.7720000000002
13.11.2020 22:00:00.000,16326,16408,15749,16024,1737.333
14.11.2020 22:00:00.000,16024,16189,15848,15880,1368.964
15.11.2020 22:00:00.000,15880,16910,15819,16727,1866.9602999999995
16.11.2020 22:00:00.000,16732,17884,16591,17655,2358.9259999999995
17.11.2020 22:00:00.000,17655,18500,17255,17806,2809.8860000000004
18.11.2020 22:00:00.000,17813,18201,17380,17965,2572.9909999999995
19.11.2020 22:00:00.000,17981,18843,17745,18617,2435.959
20.11.2020 22:00:00.000,18616,19003,18375,18688,1992.8249999999996
21.11.2020 22:00:00.000,18688,18783,17649,18614,2229.5630000000006
22.11.2020 22:00:00.000,18619,18799,18031,18445,2480.1530000000002
23.11.2020 22:00:00.000,18452,19459,18087,18965,2688.1319999999996
24.11.2020 22:00:00.000,18965,19519,18663,18902,1800.9900000000002
25.11.2020 22:00:00.000,18902,18949,16242,17077,2970.154
26.11.2020 22:00:00.000,17077,17488,16459,17032,2466.3039999999996
27.11.2020 22:00:00.000,17032,17916,16902,17787,1747.2928000000002
28.11.2020 22:00:00.000,17795,18372,17565,18294,1779.2559999999999
29.11.2020 22:00:00.000,18294,19885,18108,19403,2496.6975
30.11.2020 22:00:00.000,19403,19938,18154,19080,3315.607
01.12.2020 22:00:00.000,19083,19362,18364,19178,3085.0971999999997
02.12.2020 22:00:00.000,19179,19641,18910,19488,2035.5040000000004
03.12.2020 22:00:00.000,19494,19580,18730,18849,2002.2569999999998
04.12.2020 22:00:00.000,18849,19206,18542,19046,2304.7660000000005
05.12.2020 22:00:00.000,19056,19370,18906,19271,1569.5100000000002
06.12.2020 22:00:00.000,19292,19452,18933,19107,1678.056
07.12.2020 22:00:00.000,19119,19322,18643,18796,1701.053
08.12.2020 22:00:00.000,18796,18856,17666,18546,2095.3540000000003
09.12.2020 22:00:00.000,18547,18667,17933,18371,1705.4679999999998
10.12.2020 22:00:00.000,18375,18421,17613,18126,2456.103
11.12.2020 22:00:00.000,18125,18878,18099,18826,1728.7600000000002
12.12.2020 22:00:00.000,18825,19435,18753,19203,1923.8660000000002
13.12.2020 22:00:00.000,19209,19360,19005,19224,1946.8380000000002
14.12.2020 22:00:00.000,19235,19585,19078,19451,1727.3499999999997
15.12.2020 22:00:00.000,19459,21326,19324,21237,2326.499
16.12.2020 22:00:00.000,21241,23756,21233,22814,5122.8049999999985
17.12.2020 22:00:00.000,22814,23306,22387,22932,4012.344
18.12.2020 22:00:00.000,22942,24195,22805,24021,2779.571
19.12.2020 22:00:00.000,24034,24321,23136,23444,3749.4
20.12.2020 22:00:00.000,23445,24141,21967,23174,4023.3320000000003
21.12.2020 22:00:00.000,23175,23643,22412,23467,4562.638
22.12.2020 22:00:00.000,23476,24106,22836,23324,4499.505000000001
23.12.2020 22:00:00.000,23324,23580,22661,23434,4655.116000000001
24.12.2020 22:00:00.000,23434,24671,23410,24441,4758.537000000002
25.12.2020 22:00:00.000,24441,26822,24392,26688,4184.097
26.12.2020 22:00:00.000,26688,28394,25814,26403,4966.389000000001
27.12.2020 22:00:00.000,26404,27487,26110,26623,4583.665
28.12.2020 22:00:00.000,26623,27209,25873,26922,4045.009
29.12.2020 22:00:00.000,26922,29020,26922,28934,4824.016
30.12.2020 22:00:00.000,28934,29326,27989,29020,3888.468999999999
01.01.2021 22:00:00.000,29275,33352,29069,31732,3288.5350000000003
02.01.2021 22:00:00.000,31743,34797,31484,33622,5493.572999999999
03.01.2021 22:00:00.000,33622,33693,27952,31066,5757.740000000001
04.01.2021 22:00:00.000,31066,34304,29976,33834,5662.249999999999
05.01.2021 22:00:00.000,33842,36561,33401,35968,5450.441000000001
06.01.2021 22:00:00.000,35969,40423,35820,39767,6188.87
07.01.2021 22:00:00.000,39766,42019,36636,40101,5625.022000000001
08.01.2021 22:00:00.000,40104,41479,38831,40899,6581.471
09.01.2021 22:00:00.000,40896,41486,34939,38101,6033.4116
10.01.2021 22:00:00.000,38065,39076,30340,34012,5913.066000000001
11.01.2021 22:00:00.000,34068,36644,32556,34750,2527.3619999999996
12.01.2021 22:00:00.000,34750,37437,32395,37321,2342.3650000000002
13.01.2021 22:00:00.000,37323,40135,36816,38812,1877.0230000000004
14.01.2021 22:00:00.000,38806,39730,34434,36288,51530853.752
15.01.2021 22:00:00.000,36286,37971,35576,35969,94153055.90839998
16.01.2021 22:00:00.000,35970,36868,33884,36570,82017569.3359
17.01.2021 22:00:00.000,36598,37455,34807,36258,99869181.2742
18.01.2021 22:00:00.000,36258,37882,36104,36508,99394226.6844
19.01.2021 22:00:00.000,36508,36815,33435,34934,108927303.2227
20.01.2021 22:00:00.000,34930,35699,31009,31234,103546238.1592
21.01.2021 22:00:00.000,31238,33883,28830,33354,153363564.0871
22.01.2021 22:00:00.000,33353,33655,31468,32397,77863772.70500003
23.01.2021 22:00:00.000,32394,33109,30987,31974,67259045.77640001
24.01.2021 22:00:00.000,31975,34906,31725,32742,1340.593
25.01.2021 22:00:00.000,32661,32858,30873,32046,1972.4299999999996
26.01.2021 22:00:00.000,32040,32968,29257,31030,3656.2530000000006
27.01.2021 22:00:00.000,31029,33365,29926,33276,3650.886999999999
28.01.2021 22:00:00.000,33276,38655,32024,34664,3445.227999999999
29.01.2021 22:00:00.000,34656,35384,32884,34726,972.618
30.01.2021 22:00:00.000,34726,34823,32236,32635,832.9409999999999
31.01.2021 22:00:00.000,32687,34732,32363,33692,2477.4289999999996
01.02.2021 22:00:00.000,33692,36034,33482,35716,2618.416
02.02.2021 22:00:00.000,35716,37482,35432,37324,2736.531
03.02.2021 22:00:00.000,37325,38774,36247,37714,2753.689
04.02.2021 22:00:00.000,37713,38378,36658,37887,2244.5
05.02.2021 22:00:00.000,37887,41021,37750,40120,1145.9740000000002
06.02.2021 22:00:00.000,40117,40537,37435,38624,1286.0909999999997
07.02.2021 22:00:00.000,38624,44832,38092,44777,1807.3030000000003
08.02.2021 22:00:00.000,44777,48234,44354,47383,2025.634
09.02.2021 22:00:00.000,47302,47382,43787,45089,1768.4349999999997
10.02.2021 22:00:00.000,45014,48717,44080,46974,1465.639
11.02.2021 22:00:00.000,46962,48940,46316,48003,1743.2549999999999
12.02.2021 22:00:00.000,48004,48251,46338,47232,1440.029
13.02.2021 22:00:00.000,47231,49740,46992,48919,1320.196
14.02.2021 22:00:00.000,48919,49372,45941,48256,1787.5389999999998
15.02.2021 22:00:00.000,48259,50617,47112,48631,1752.7989999999998
16.02.2021 22:00:00.000,48631,52677,48572,52435,1825.2099999999998
17.02.2021 22:00:00.000,52435,52587,50909,52087,1238.7689999999998
18.02.2021 22:00:00.000,52087,56363,50796,55687,1420.467
19.02.2021 22:00:00.000,55691,57548,55124,56579,1003.24
20.02.2021 22:00:00.000,56581,58401,54073,57410,1742.5439999999999
21.02.2021 22:00:00.000,57420,57705,47694,54980,2251.3500000000004
22.02.2021 22:00:00.000,54980,55061,44957,48012,3061.274000000001
23.02.2021 22:00:00.000,48003,51450,47069,48810,2437.5609999999997
24.02.2021 22:00:00.000,48812,52109,48082,48116,2080.752
25.02.2021 22:00:00.000,48118,48866,44197,45724,2591.153
26.02.2021 22:00:00.000,45724,48398,45133,46898,1517.6700000000005
27.02.2021 22:00:00.000,46897,46904,43084,45289,2470.569
28.02.2021 22:00:00.000,45304,49556,44921,48905,1965.315
01.03.2021 22:00:00.000,48906,50280,47124,47494,1596.6770000000001
02.03.2021 22:00:00.000,47493,52676,47422,50986,1580.4410000000003
03.03.2021 22:00:00.000,50986,51834,47542,47968,1918.3619999999996
04.03.2021 22:00:00.000,47975,49503,46326,49105,1776.2699999999998
05.03.2021 22:00:00.000,49105,49434,47143,48646,1260.122
06.03.2021 22:00:00.000,48646,51398,48561,50158,1451.002
07.03.2021 22:00:00.000,50138,52023,49374,51930,1600.9219999999998
08.03.2021 22:00:00.000,51930,54861,51478,54363,1457.7300000000002
09.03.2021 22:00:00.000,54361,57412,53083,56979,1625.111
10.03.2021 22:00:00.000,56979,57944,54330,57660,1680.4709999999998
11.03.2021 22:00:00.000,57659,58181,55098,57016,1552.8700000000003
12.03.2021 22:00:00.000,57017,61819,56152,60332,1910.6280000000004
13.03.2021 22:00:00.000,61127,61721,60570,60995,453.97900000000004
14.03.2021 21:00:00.000,60308,60777,54743,56461,1850.3630000000003
15.03.2021 21:00:00.000,56463,56984,53300,56435,1816.3060000000003
16.03.2021 21:00:00.000,56436,58352,54194,57803,1565.8129999999996
17.03.2021 21:00:00.000,57802,60107,57071,57544,1532.31
18.03.2021 21:00:00.000,57544,59490,56334,58458,1388.5140000000001
19.03.2021 21:00:00.000,58455,59916,57900,58595,884.902
20.03.2021 21:00:00.000,58596,58866,55590,57865,1301.6399999999999
21.03.2021 21:00:00.000,57865,58462,54277,54605,1476.529
22.03.2021 21:00:00.000,54602,55878,53040,54496,1597.0430000000001
23.03.2021 21:00:00.000,54498,57248,53238,54100,1605.4210000000005
24.03.2021 21:00:00.000,54099,54260,50485,52038,2055.106
25.03.2021 21:00:00.000,52045,54330,51279,54052,1520.7310000000002
26.03.2021 21:00:00.000,54056,56314,54047,55941,968.8559999999999
27.03.2021 21:00:00.000,55941,56640,54751,54888,1145.728
28.03.2021 21:00:00.000,54900,58437,54859,57296,1505.4509999999998
29.03.2021 21:00:00.000,57289,59444,57080,58715,1345.0369999999996
30.03.2021 21:00:00.000,58713,59840,56926,59005,1446.739
31.03.2021 21:00:00.000,59005,59521,57980,58905,1344.0649999999996
01.04.2021 21:00:00.000,58906,60117,58504,58722,1070.788
02.04.2021 21:00:00.000,58716,59830,57889,58095,548.969
03.04.2021 21:00:00.000,58114,58542,56545,58095,817.2529999999999
04.04.2021 21:00:00.000,58093,59262,56861,58849,1091.7830000000001
05.04.2021 21:00:00.000,58852,59506,57417,58290,1114.858
06.04.2021 21:00:00.000,58293,58681,55502,56248,1656.203
07.04.2021 21:00:00.000,56248,58189,55747,57715,1027.089
08.04.2021 21:00:00.000,57716,58920,57493,58377,950.914
09.04.2021 21:00:00.000,58375,61223,57917,58618,813.5810000000001
10.04.2021 21:00:00.000,58618,60707,58523,59710,905.9279999999999
11.04.2021 21:00:00.000,59707,61259,59447,60023,1075.417
12.04.2021 21:00:00.000,60019,63782,59788,63246,1603.6409999999998
13.04.2021 21:00:00.000,63246,64899,61368,62433,1817.7580000000003
14.04.2021 21:00:00.000,62434,63677,62082,63455,1624.4989999999996
15.04.2021 21:00:00.000,63456,63843,60090,62056,1714.7189999999998
16.04.2021 21:00:00.000,62059,62617,59762,60886,768.111
17.04.2021 21:00:00.000,60920,61019,52354,56265,1475.938
18.04.2021 21:00:00.000,56338,57611,54324,56243,2049.4659999999994
19.04.2021 21:00:00.000,56257,57119,53460,56841,1887.3550000000007
20.04.2021 21:00:00.000,56841,57139,54376,55039,1627.577
21.04.2021 21:00:00.000,55050,55497,51529,51631,1926.2920000000001
22.04.2021 21:00:00.000,51625,52252,47573,50621,2270.8440000000005
23.04.2021 21:00:00.000,50623,51275,48795,51023,1265.5079999999998
24.04.2021 21:00:00.000,51019,51089,48041,48167,1441.817
25.04.2021 21:00:00.000,48167,54425,47109,53305,1847.167
26.04.2021 21:00:00.000,53305,55397,52689,55235,1653.1469999999997
27.04.2021 21:00:00.000,55254,56502,53921,54485,1714.094
28.04.2021 21:00:00.000,54498,55235,52410,53033,1423.3929999999998
29.04.2021 21:00:00.000,53035,57411,52861,56870,1465.449
30.04.2021 21:00:00.000,56875,58583,56783,57742,775.173
01.05.2021 21:00:00.000,57738,58012,56150,57083,937.9660000000001
02.05.2021 21:00:00.000,57083,58998,56314,56850,1434.54
03.05.2021 21:00:00.000,56850,57524,53309,54817,1913.404
04.05.2021 21:00:00.000,54817,57979,53008,56944,1731.344
05.05.2021 21:00:00.000,56945,58432,55332,56000,1587.1429999999998
06.05.2021 21:00:00.000,56000,58735,55341,57735,1834.9140000000002
07.05.2021 21:00:00.000,57738,59560,56874,59030,972.7710000000002
08.05.2021 21:00:00.000,59060,59312,56346,57965,1037.071
09.05.2021 21:00:00.000,57965,59610,53759,55342,1823.98
10.05.2021 21:00:00.000,55360,56965,54549,56944,2050.7720000000004
11.05.2021 21:00:00.000,56955,58032,53620,54520,1841.2849999999999
12.05.2021 21:00:00.000,54527,54829,46007,49356,2432.5060000000003
13.05.2021 21:00:00.000,49357,51577,48490,49241,2012.1279999999997
14.05.2021 21:00:00.000,49239,50760,47011,48293,1413.814
15.05.2021 21:00:00.000,48290,49823,43898,44118,1969.1580000000001
16.05.2021 21:00:00.000,44117,46679,42158,44862,2755.274
17.05.2021 21:00:00.000,44862,45868,42456,43335,2419.023
18.05.2021 21:00:00.000,43335,43610,30015,38387,2554.3529999999996
19.05.2021 21:00:00.000,38388,42550,35038,40097,2922.7780000000002
20.05.2021 21:00:00.000,40122,42280,35252,35306,2844.277
21.05.2021 21:00:00.000,35282,38901,33598,38124,2093.438
22.05.2021 21:00:00.000,38124,38413,31183,33741,3060.963
23.05.2021 21:00:00.000,33725,39935,33711,39051,2904.524
24.05.2021 21:00:00.000,39051,39866,36539,37688,2999.079
25.05.2021 21:00:00.000,37700,40896,37509,38794,2439.207
26.05.2021 21:00:00.000,38794,40408,37246,38517,2091.698
27.05.2021 21:00:00.000,38541,39228,35188,35266,2513.901
28.05.2021 21:00:00.000,35269,37348,33714,34316,1103.9109999999998
29.05.2021 21:00:00.000,34311,36517,33483,36115,2549.2429999999995
30.05.2021 21:00:00.000,36115,37524,34245,36734,2555.0700000000006
31.05.2021 21:00:00.000,36733,37941,35752,36368,2498.787
01.06.2021 21:00:00.000,36368,38268,35982,37792,1678.002
02.06.2021 21:00:00.000,37798,39523,37247,38751,1937.8569999999997
03.06.2021 21:00:00.000,38751,39312,35631,37105,1998.788
04.06.2021 21:00:00.000,37105,37963,35362,35898,1725.133
05.06.2021 21:00:00.000,35898,36506,34904,36019,2189.53
06.06.2021 21:00:00.000,36019,36833,34096,34492,1614.9070000000002
07.06.2021 21:00:00.000,34492,34667,31066,33673,2251.1110000000003
08.06.2021 21:00:00.000,33676,36968,32462,36435,2495.6819999999993
09.06.2021 21:00:00.000,36435,38426,35863,36524,2364.0319999999997
10.06.2021 21:00:00.000,36537,37697,36023,37208,1974.5960000000007
11.06.2021 21:00:00.000,37207,37536,34708,36059,1705.7520000000002
12.06.2021 21:00:00.000,36059,39399,34849,39325,2235.4649999999997
13.06.2021 21:00:00.000,39319,41056,38760,39876,1776.5950000000003
14.06.2021 21:00:00.000,39877,41343,39586,39997,1668.283
15.06.2021 21:00:00.000,39997,40521,38360,38569,1471.1920000000002
16.06.2021 21:00:00.000,38569,39574,37418,37790,1498.551
17.06.2021 21:00:00.000,37795,38244,35198,35553,1538.47
18.06.2021 21:00:00.000,35554,36481,34929,36162,1425.0810000000001
19.06.2021 21:00:00.000,36162,36209,33409,35868,1939.1969999999997
20.06.2021 21:00:00.000,35868,35933,31781,32632,3213.3430000000003
21.06.2021 21:00:00.000,32632,33337,28874,32946,3357.315
22.06.2021 21:00:00.000,32946,34860,31782,33097,2613.109
23.06.2021 21:00:00.000,33097,35309,32390,34906,2144.128
24.06.2021 21:00:00.000,34906,35541,31551,32277,2935.887999999999
25.06.2021 21:00:00.000,32269,32733,30222,31352,1886.3049999999998
26.06.2021 21:00:00.000,31352,33601,30971,32679,2626.1720000000005
27.06.2021 21:00:00.000,32679,35328,32506,34715,1628.1119999999999
28.06.2021 21:00:00.000,34715,36643,34170,36222,1413.7179999999998
29.06.2021 21:00:00.000,36218,36348,34091,34633,1047.8359999999998
30.06.2021 21:00:00.000,34653,35243,32765,33469,1204.8590000000002
01.07.2021 21:00:00.000,33468,34005,32753,33188,1029.3190000000002
02.07.2021 21:00:00.000,33189,34978,33150,34780,643.456
03.07.2021 21:00:00.000,34776,35744,34331,35597,481.42199999999997
04.07.2021 21:00:00.000,35610,35999,33189,33907,1026.211
05.07.2021 21:00:00.000,33906,35132,33587,34005,1120.531
06.07.2021 21:00:00.000,34004,35089,33694,34593,1093.059
07.07.2021 21:00:00.000,34593,34593,32147,32867,1222.753
08.07.2021 21:00:00.000,32865,33735,32317,33570,1026.84
09.07.2021 21:00:00.000,33576,34312,33095,33384,521.5919999999999
10.07.2021 21:00:00.000,33384,34148,33333,33904,421.6769999999999
11.07.2021 21:00:00.000,33917,34689,32706,32903,804.076
12.07.2021 21:00:00.000,32898,33373,32244,32557,802.746
13.07.2021 21:00:00.000,32557,33143,31641,32858,853.487
14.07.2021 21:00:00.000,32857,33223,31188,31803,883.398
15.07.2021 21:00:00.000,31803,32291,31073,31882,915.9879999999999
16.07.2021 21:00:00.000,31882,31989,31230,31786,582.244
17.07.2021 21:00:00.000,31787,32482,31182,31694,398.42900000000003
18.07.2021 21:00:00.000,31693,31959,30481,30821,814.799
19.07.2021 21:00:00.000,30820,31097,29347,29908,837.415
20.07.2021 21:00:00.000,29912,32842,29543,31880,1033.157
21.07.2021 21:00:00.000,31860,32637,31734,32297,895.671
22.07.2021 21:00:00.000,32294,32936,32042,32545,973.5840000000001
23.07.2021 21:00:00.000,32542,34564,32518,33984,560.077
24.07.2021 21:00:00.000,33988,34875,33885,34532,548.0860000000001
25.07.2021 21:00:00.000,34537,40582,34502,37787,1836.113
26.07.2021 21:00:00.000,37791,38814,36459,38091,1693.83
27.07.2021 21:00:00.000,38091,40932,38001,40024,1663.443
28.07.2021 21:00:00.000,40024,40676,39314,39763,1358.6039999999996
29.07.2021 21:00:00.000,39771,41627,38382,40731,1341.0010000000004
30.07.2021 21:00:00.000,40736,42413,40722,41588,924.1800000000001
31.07.2021 21:00:00.000,41588,42641,40690,41315,1068.329
01.08.2021 21:00:00.000,41290,41373,38734,38903,1253.9320000000002
02.08.2021 21:00:00.000,38902,39819,37691,38123,1313.2309999999998
03.08.2021 21:00:00.000,38121,39895,37559,39807,1442.3220000000003
04.08.2021 21:00:00.000,39803,41414,37378,40960,1547.7700000000002
05.08.2021 21:00:00.000,40996,43391,39941,42750,1275.496
06.08.2021 21:00:00.000,42659,44622,42597,44017,836.679
07.08.2021 21:00:00.000,44028,45379,43362,43901,2030.342
08.08.2021 21:00:00.000,43905,46522,42860,45524,1550.8500000000001
09.08.2021 21:00:00.000,45613,46700,44700,45696,1283.4809999999998
10.08.2021 21:00:00.000,45657,46800,45284,46394,1229.265
11.08.2021 21:00:00.000,46369,46429,43846,44548,1301.929
12.08.2021 21:00:00.000,44555,47950,43930,47598,1251.0439999999999
13.08.2021 21:00:00.000,47703,48182,46097,46714,976.621
14.08.2021 21:00:00.000,46717,47424,45592,46767,1325.99
15.08.2021 21:00:00.000,46767,48088,45720,46141,1292.4479999999999
16.08.2021 21:00:00.000,46091,47201,44581,45057,1238.938
17.08.2021 21:00:00.000,45018,46058,44263,44602,1263.948
18.08.2021 21:00:00.000,44557,46935,43999,46655,1137.963
19.08.2021 21:00:00.000,46609,49128,46397,48720,1084.9750000000001
20.08.2021 21:00:00.000,48722,49847,48353,49068,520.779
21.08.2021 21:00:00.000,49069,49520,48153,48469,1412.446
22.08.2021 21:00:00.000,48467,50553,48347,49569,1439.017
23.08.2021 21:00:00.000,49569,49904,47824,48403,1309.3020000000001
24.08.2021 21:00:00.000,48404,49212,47178,48763,1278.037
25.08.2021 21:00:00.000,48763,49413,46366,47088,1281.664
26.08.2021 21:00:00.000,47061,49199,46404,48971,1446.4579999999999
27.08.2021 21:00:00.000,48971,49362,48448,48803,908.197
28.08.2021 21:00:00.000,48803,49699,47868,48973,939.8460000000002
29.08.2021 21:00:00.000,48973,49442,47451,48712,1460.5980000000004
30.08.2021 21:00:00.000,48728,48732,46759,47066,1242.922
31.08.2021 21:00:00.000,46995,49156,46581,48333,1298.9890000000003
01.09.2021 21:00:00.000,48298,50413,48295,49618,1412.7129999999997
02.09.2021 21:00:00.000,49618,51071,48401,50198,1447.993
03.09.2021 21:00:00.000,50193,50598,49469,50239,755.3470000000001
04.09.2021 21:00:00.000,50247,51754,49558,51710,878.6769999999999
05.09.2021 21:00:00.000,51713,52250,51057,51994,1381.047
06.09.2021 21:00:00.000,52006,52965,43054,46883,1888.3739999999998
07.09.2021 21:00:00.000,46931,47405,44494,46116,2135.3669999999997
08.09.2021 21:00:00.000,46117,47429,45601,46326,1342.198
09.09.2021 21:00:00.000,46285,47070,44782,45129,1170.8270000000002
10.09.2021 21:00:00.000,45126,46039,44220,45369,876.328
11.09.2021 21:00:00.000,45365,46305,44811,45151,910.094
12.09.2021 21:00:00.000,45142,46888,43509,45250,2090.9169999999995
13.09.2021 21:00:00.000,45251,47026,44751,46886,2031.3839999999996
14.09.2021 21:00:00.000,46872,48494,46465,47997,1954.585
15.09.2021 21:00:00.000,48008,48554,47094,47202,1876.3159999999998
16.09.2021 21:00:00.000,47237,48221,46810,47034,1627.379
17.09.2021 21:00:00.000,47032,48848,46848,48045,1058.796
18.09.2021 21:00:00.000,48041,48424,47167,47642,928.398
19.09.2021 21:00:00.000,47641,47711,42568,43603,2096.136
20.09.2021 21:00:00.000,43604,43985,40268,40996,2192.3549999999996
21.09.2021 21:00:00.000,41022,44067,39676,43510,2201.3079999999995
22.09.2021 21:00:00.000,43474,44995,43090,44764,2106.192
23.09.2021 21:00:00.000,44762,45210,40779,43031,2159.489
24.09.2021 21:00:00.000,43028,43264,41754,42720,1058.906
25.09.2021 21:00:00.000,42720,43776,40860,43686,1162.4780000000005
26.09.2021 21:00:00.000,43696,44386,42670,42759,1710.9220000000003
27.09.2021 21:00:00.000,42760,43466,41178,41847,2115.54
28.09.2021 21:00:00.000,41847,42651,40826,41193,1462.679
29.09.2021 21:00:00.000,41193,44164,41028,43500,1523.003
30.09.2021 21:00:00.000,43502,48235,43353,48205,1992.0719999999988
01.10.2021 21:00:00.000,48205,48539,47533,48077,1581.9870000000014
02.10.2021 21:00:00.000,48077,49263,47185,48516,2105.9040000000014
03.10.2021 21:00:00.000,48514,49551,46989,49062,2246.8720000000017
04.10.2021 21:00:00.000,49087,51831,48641,51534,2166.2649999999985
05.10.2021 21:00:00.000,51564,55461,50481,55000,2615.270999999995
06.10.2021 21:00:00.000,54998,55813,53467,54247,2455.6559999999995
07.10.2021 21:00:00.000,54247,56121,53694,54065,2194.866999999997
08.10.2021 21:00:00.000,54062,55524,53770,54730,1727.0550000000028
09.10.2021 21:00:00.000,54730,56550,54195,55493,2596.726000000004
10.10.2021 21:00:00.000,55460,57884,54445,57411,1631.2660000000021
11.10.2021 21:00:00.000,57403,57712,53980,55433,2255.099999999996
12.10.2021 21:00:00.000,55433,57543,54328,57047,2013.1819999999998
13.10.2021 21:00:00.000,57078,58568,56906,57505,2001.019999999998
14.10.2021 21:00:00.000,57533,62922,56940,62587,2235.774000000001
15.10.2021 21:00:00.000,62587,62608,60223,61077,1943.3110000000004
16.10.2021 21:00:00.000,61077,61498,59043,59467,2443.8330000000005